lr-AdamW,step,train/loss,epoch,val/loss,val/CER,val/IER,val/DER,val/SER,train/CER,train/IER,train/DER,train/SER
0.001,9,,,,,,,,,,,
,9,0.25688692927360535,0,,,,,,,,,
0.001,19,,,,,,,,,,,
,19,0.2504197359085083,0,,,,,,,,,
0.001,29,,,,,,,,,,,
,29,0.27236324548721313,0,,,,,,,,,
0.001,39,,,,,,,,,,,
,39,0.26706355810165405,0,,,,,,,,,
0.001,49,,,,,,,,,,,
,49,0.31082290410995483,0,,,,,,,,,
0.001,59,,,,,,,,,,,
,59,0.32408902049064636,0,,,,,,,,,
,59,,0,0.873845636844635,17.14665412902832,4.142667293548584,2.0381035804748535,10.9658842086792,,,,
0.001,69,,,,,,,,,,,
,69,0.23420360684394836,0,,,,,,,,,
0.001,79,,,,,,,,,,,
,79,0.3728967607021332,0,,,,,,,,,
0.001,89,,,,,,,,,,,
,89,0.26756352186203003,0,,,,,,,,,
0.001,99,,,,,,,,,,,
,99,0.28840383887290955,0,,,,,,,,,
0.001,109,,,,,,,,,,,
,109,0.25287842750549316,0,,,,,,,,,
0.001,119,,,,,,,,,,,
,119,0.33318856358528137,0,,,,,,,,,
,119,,0,0.9038218259811401,17.035888671875,3.3894550800323486,2.1045634746551514,11.5418701171875,,,,
,119,,0,,,,,,9.01087760925293,3.0310938358306885,2.2056803703308105,3.7741031646728516
0.001,129,,,,,,,,,,,
,129,0.27374812960624695,1,,,,,,,,,
0.001,139,,,,,,,,,,,
,139,0.3697666525840759,1,,,,,,,,,
0.001,149,,,,,,,,,,,
,149,0.24613040685653687,1,,,,,,,,,
0.001,159,,,,,,,,,,,
,159,0.2466556429862976,1,,,,,,,,,
0.001,169,,,,,,,,,,,
,169,0.2610030472278595,1,,,,,,,,,
0.001,179,,,,,,,,,,,
,179,0.42719927430152893,1,,,,,,,,,
,179,,1,0.8807397484779358,16.326982498168945,3.234381914138794,2.1488702297210693,10.943730354309082,,,,
0.001,189,,,,,,,,,,,
,189,0.3209552764892578,1,,,,,,,,,
0.001,199,,,,,,,,,,,
,199,0.2525525987148285,1,,,,,,,,,
0.001,209,,,,,,,,,,,
,209,0.3515787124633789,1,,,,,,,,,
0.001,219,,,,,,,,,,,
,219,0.3457545042037964,1,,,,,,,,,
0.001,229,,,,,,,,,,,
,229,0.3443446755409241,1,,,,,,,,,
0.001,239,,,,,,,,,,,
,239,0.23512126505374908,1,,,,,,,,,
,239,,1,0.909340500831604,16.194063186645508,2.680549383163452,2.791315793991089,10.722197532653809,,,,
,239,,1,,,,,,9.081680297851562,3.10176420211792,2.2882542610168457,3.691661834716797
0.001,249,,,,,,,,,,,
,249,0.2868135869503021,2,,,,,,,,,
0.001,259,,,,,,,,,,,
,259,0.3322345018386841,2,,,,,,,,,
0.001,269,,,,,,,,,,,
,269,0.2501557469367981,2,,,,,,,,,
0.001,279,,,,,,,,,,,
,279,0.23808884620666504,2,,,,,,,,,
0.001,289,,,,,,,,,,,
,289,0.2795693278312683,2,,,,,,,,,
0.001,299,,,,,,,,,,,
,299,0.3273142874240875,2,,,,,,,,,
,299,,2,0.9349979162216187,17.611873626708984,3.566681385040283,2.3925564289093018,11.652636528015137,,,,
0.001,309,,,,,,,,,,,
,309,0.21079076826572418,2,,,,,,,,,
0.001,319,,,,,,,,,,,
,319,0.3039909303188324,2,,,,,,,,,
0.001,329,,,,,,,,,,,
,329,0.24160070717334747,2,,,,,,,,,
0.001,339,,,,,,,,,,,
,339,0.4146844744682312,2,,,,,,,,,
0.001,349,,,,,,,,,,,
,349,0.37621334195137024,2,,,,,,,,,
0.001,359,,,,,,,,,,,
,359,0.23834915459156036,2,,,,,,,,,
,359,,2,0.8849661946296692,16.770048141479492,3.566681385040283,1.9937970638275146,11.209569931030273,,,,
,359,,2,,,,,,9.293082237243652,3.1013615131378174,2.3132994174957275,3.8784210681915283
0.001,369,,,,,,,,,,,
,369,0.22753958404064178,3,,,,,,,,,
0.001,379,,,,,,,,,,,
,379,0.33908241987228394,3,,,,,,,,,
0.001,389,,,,,,,,,,,
,389,0.3449593782424927,3,,,,,,,,,
0.001,399,,,,,,,,,,,
,399,0.33863767981529236,3,,,,,,,,,
0.001,409,,,,,,,,,,,
,409,0.2771978974342346,3,,,,,,,,,
0.001,419,,,,,,,,,,,
,419,0.3703846335411072,3,,,,,,,,,
,419,,3,0.9212651252746582,17.10234832763672,3.721754550933838,2.281790018081665,11.098803520202637,,,,
0.001,429,,,,,,,,,,,
,429,0.2511117160320282,3,,,,,,,,,
0.001,439,,,,,,,,,,,
,439,0.2606911361217499,3,,,,,,,,,
0.001,449,,,,,,,,,,,
,449,0.37080228328704834,3,,,,,,,,,
0.001,459,,,,,,,,,,,
,459,0.2976108193397522,3,,,,,,,,,
0.001,469,,,,,,,,,,,
,469,0.30855056643486023,3,,,,,,,,,
0.001,479,,,,,,,,,,,
,479,0.1824246197938919,3,,,,,,,,,
,479,,3,0.8858250975608826,17.412494659423828,3.9654407501220703,2.0824103355407715,11.364643096923828,,,,
,479,,3,,,,,,9.160053253173828,3.123495578765869,2.3725364208221436,3.6640212535858154
0.001,489,,,,,,,,,,,
,489,0.2911396920681,4,,,,,,,,,
0.001,499,,,,,,,,,,,
,499,0.22194521129131317,4,,,,,,,,,
0.001,509,,,,,,,,,,,
,509,0.22137688100337982,4,,,,,,,,,
0.001,519,,,,,,,,,,,
,519,0.24966846406459808,4,,,,,,,,,
0.001,529,,,,,,,,,,,
,529,0.2597983181476593,4,,,,,,,,,
0.001,539,,,,,,,,,,,
,539,0.17892085015773773,4,,,,,,,,,
,539,,4,0.9101325273513794,17.368186950683594,3.322995185852051,1.9494904279708862,12.095702171325684,,,,
0.001,549,,,,,,,,,,,
,549,0.2151447981595993,4,,,,,,,,,
0.001,559,,,,,,,,,,,
,559,0.3664911091327667,4,,,,,,,,,
0.001,569,,,,,,,,,,,
,569,0.3443372845649719,4,,,,,,,,,
0.001,579,,,,,,,,,,,
,579,0.2769187092781067,4,,,,,,,,,
0.001,589,,,,,,,,,,,
,589,0.23244637250900269,4,,,,,,,,,
0.001,599,,,,,,,,,,,
,599,0.3001945912837982,4,,,,,,,,,
,599,,4,0.9439530372619629,16.991580963134766,3.5002214908599854,2.215330123901367,11.276030540466309,,,,
,599,,4,,,,,,8.930410385131836,3.039496898651123,2.1251766681671143,3.7657363414764404
0.001,609,,,,,,,,,,,
,609,0.3077954947948456,5,,,,,,,,,
0.001,619,,,,,,,,,,,
,619,0.23064973950386047,5,,,,,,,,,
0.001,629,,,,,,,,,,,
,629,0.32574355602264404,5,,,,,,,,,
0.001,639,,,,,,,,,,,
,639,0.24499987065792084,5,,,,,,,,,
0.001,649,,,,,,,,,,,
,649,0.2651960551738739,5,,,,,,,,,
0.001,659,,,,,,,,,,,
,659,0.2716277539730072,5,,,,,,,,,
,659,,5,0.8716652393341064,16.681434631347656,3.5002214908599854,2.171023368835449,11.010190963745117,,,,
0.001,669,,,,,,,,,,,
,669,0.37540191411972046,5,,,,,,,,,
0.001,679,,,,,,,,,,,
,679,0.29856395721435547,5,,,,,,,,,
0.001,689,,,,,,,,,,,
,689,0.31880131363868713,5,,,,,,,,,
0.001,699,,,,,,,,,,,
,699,0.30152180790901184,5,,,,,,,,,
0.001,709,,,,,,,,,,,
,709,0.27175968885421753,5,,,,,,,,,
0.001,719,,,,,,,,,,,
,719,0.2471548616886139,5,,,,,,,,,
,719,,5,0.889373779296875,16.637128829956055,4.253433704376221,1.7722641229629517,10.611431121826172,,,,
,719,,5,,,,,,8.692245483398438,2.9941024780273438,2.183027982711792,3.5151147842407227
0.001,729,,,,,,,,,,,
,729,0.31109654903411865,6,,,,,,,,,
0.001,739,,,,,,,,,,,
,739,0.23519134521484375,6,,,,,,,,,
0.001,749,,,,,,,,,,,
,749,0.2140418142080307,6,,,,,,,,,
0.001,759,,,,,,,,,,,
,759,0.29122215509414673,6,,,,,,,,,
0.001,769,,,,,,,,,,,
,769,0.26009857654571533,6,,,,,,,,,
0.001,779,,,,,,,,,,,
,779,0.2690863311290741,6,,,,,,,,,
,779,,6,0.9184995889663696,16.96942901611328,3.3673017024993896,2.4590163230895996,11.143110275268555,,,,
0.001,789,,,,,,,,,,,
,789,0.28012093901634216,6,,,,,,,,,
0.001,799,,,,,,,,,,,
,799,0.26294469833374023,6,,,,,,,,,
0.001,809,,,,,,,,,,,
,809,0.2838873863220215,6,,,,,,,,,
0.001,819,,,,,,,,,,,
,819,0.2286704033613205,6,,,,,,,,,
0.001,829,,,,,,,,,,,
,829,0.35019513964653015,6,,,,,,,,,
0.001,839,,,,,,,,,,,
,839,0.21901224553585052,6,,,,,,,,,
,839,,6,0.9144414067268372,16.814355850219727,4.430660247802734,1.4399645328521729,10.943730354309082,,,,
,839,,6,,,,,,8.617430686950684,2.923524856567383,2.295773983001709,3.398131847381592
0.001,849,,,,,,,,,,,
,849,0.20592080056667328,7,,,,,,,,,
0.001,859,,,,,,,,,,,
,859,0.2495739758014679,7,,,,,,,,,
0.001,869,,,,,,,,,,,
,869,0.25959333777427673,7,,,,,,,,,
0.001,879,,,,,,,,,,,
,879,0.3210240602493286,7,,,,,,,,,
0.001,889,,,,,,,,,,,
,889,0.23129314184188843,7,,,,,,,,,
0.001,899,,,,,,,,,,,
,899,0.2471652328968048,7,,,,,,,,,
,899,,7,0.9422227144241333,17.124502182006836,5.139565944671631,1.2184315919876099,10.766504287719727,,,,
0.001,909,,,,,,,,,,,
,909,0.2035195678472519,7,,,,,,,,,
0.001,919,,,,,,,,,,,
,919,0.3193260431289673,7,,,,,,,,,
0.001,929,,,,,,,,,,,
,929,0.251171350479126,7,,,,,,,,,
0.001,939,,,,,,,,,,,
,939,0.2690191864967346,7,,,,,,,,,
0.001,949,,,,,,,,,,,
,949,0.2929828464984894,7,,,,,,,,,
0.001,959,,,,,,,,,,,
,959,0.23930315673351288,7,,,,,,,,,
,959,,7,0.9265579581260681,16.72574234008789,4.585733413696289,1.3956578969955444,10.74435043334961,,,,
,959,,7,,,,,,8.26103687286377,2.8188602924346924,2.1385881900787354,3.303588628768921
0.001,969,,,,,,,,,,,
,969,0.232779860496521,8,,,,,,,,,
0.001,979,,,,,,,,,,,
,979,0.24619334936141968,8,,,,,,,,,
0.001,989,,,,,,,,,,,
,989,0.25999361276626587,8,,,,,,,,,
0.001,999,,,,,,,,,,,
,999,0.28345876932144165,8,,,,,,,,,
0.001,1009,,,,,,,,,,,
,1009,0.21984240412712097,8,,,,,,,,,
0.001,1019,,,,,,,,,,,
,1019,0.226925790309906,8,,,,,,,,,
,1019,,8,0.9518416523933411,17.412494659423828,5.028799057006836,1.3956578969955444,10.988037109375,,,,
0.001,1029,,,,,,,,,,,
,1029,0.31348276138305664,8,,,,,,,,,
0.001,1039,,,,,,,,,,,
,1039,0.233486607670784,8,,,,,,,,,
0.001,1049,,,,,,,,,,,
,1049,0.2622445821762085,8,,,,,,,,,
0.001,1059,,,,,,,,,,,
,1059,0.3588109016418457,8,,,,,,,,,
0.001,1069,,,,,,,,,,,
,1069,0.21525321900844574,8,,,,,,,,,
0.001,1079,,,,,,,,,,,
,1079,0.19192664325237274,8,,,,,,,,,
,1079,,8,0.8956502676010132,16.72574234008789,4.56358003616333,1.4621179103851318,10.700044631958008,,,,
,1079,,8,,,,,,8.270625114440918,2.861159324645996,2.156895160675049,3.252570390701294
0.001,1089,,,,,,,,,,,
,1089,0.24542179703712463,9,,,,,,,,,
0.001,1099,,,,,,,,,,,
,1099,0.2997065782546997,9,,,,,,,,,
0.001,1109,,,,,,,,,,,
,1109,0.27794724702835083,9,,,,,,,,,
0.001,1119,,,,,,,,,,,
,1119,0.24205954372882843,9,,,,,,,,,
0.001,1129,,,,,,,,,,,
,1129,0.2044275850057602,9,,,,,,,,,
0.001,1139,,,,,,,,,,,
,1139,0.27713117003440857,9,,,,,,,,,
,1139,,9,0.9325135350227356,16.37129020690918,3.3451483249664307,2.1488702297210693,10.877270698547363,,,,
0.001,1149,,,,,,,,,,,
,1149,0.22973057627677917,9,,,,,,,,,
0.001,1159,,,,,,,,,,,
,1159,0.22737020254135132,9,,,,,,,,,
0.001,1169,,,,,,,,,,,
,1169,0.307073175907135,9,,,,,,,,,
0.001,1179,,,,,,,,,,,
,1179,0.2319602072238922,9,,,,,,,,,
0.001,1189,,,,,,,,,,,
,1189,0.3683914840221405,9,,,,,,,,,
0.001,1199,,,,,,,,,,,
,1199,0.26216864585876465,9,,,,,,,,,
,1199,,9,0.893653392791748,15.928223609924316,2.4811697006225586,2.5919361114501953,10.855117797851562,,,,
,1199,,9,,,,,,7.91741943359375,2.857497453689575,2.104508399963379,2.955413579940796
0.001,1209,,,,,,,,,,,
,1209,0.2524491548538208,10,,,,,,,,,
0.001,1219,,,,,,,,,,,
,1219,0.19878175854682922,10,,,,,,,,,
0.001,1229,,,,,,,,,,,
,1229,0.27331113815307617,10,,,,,,,,,
0.001,1239,,,,,,,,,,,
,1239,0.33170220255851746,10,,,,,,,,,
0.001,1249,,,,,,,,,,,
,1249,0.2718203663825989,10,,,,,,,,,
0.001,1259,,,,,,,,,,,
,1259,0.24142321944236755,10,,,,,,,,,
,1259,,10,0.8826665282249451,17.501108169555664,4.209126949310303,1.794417381286621,11.497563362121582,,,,
0.001,1269,,,,,,,,,,,
,1269,0.2000897228717804,10,,,,,,,,,
0.001,1279,,,,,,,,,,,
,1279,0.23413437604904175,10,,,,,,,,,
0.001,1289,,,,,,,,,,,
,1289,0.3479398488998413,10,,,,,,,,,
0.001,1299,,,,,,,,,,,
,1299,0.2812810242176056,10,,,,,,,,,
0.001,1309,,,,,,,,,,,
,1309,0.2561841905117035,10,,,,,,,,,
0.001,1319,,,,,,,,,,,
,1319,0.19993095099925995,10,,,,,,,,,
,1319,,10,0.9167178869247437,16.814355850219727,4.076207160949707,1.6393442153930664,11.098803520202637,,,,
,1319,,10,,,,,,7.827680587768555,2.6638920307159424,2.0575225353240967,3.1062662601470947
0.001,1329,,,,,,,,,,,
,1329,0.23865793645381927,11,,,,,,,,,
0.001,1339,,,,,,,,,,,
,1339,0.31406059861183167,11,,,,,,,,,
0.001,1349,,,,,,,,,,,
,1349,0.23044365644454956,11,,,,,,,,,
0.001,1359,,,,,,,,,,,
,1359,0.2673312723636627,11,,,,,,,,,
0.001,1369,,,,,,,,,,,
,1369,0.2600874900817871,11,,,,,,,,,
0.001,1379,,,,,,,,,,,
,1379,0.2790420949459076,11,,,,,,,,,
,1379,,11,0.9966588020324707,18.409393310546875,4.009747505187988,2.857775926589966,11.5418701171875,,,,
0.001,1389,,,,,,,,,,,
,1389,0.2096778005361557,11,,,,,,,,,
0.001,1399,,,,,,,,,,,
,1399,0.28620120882987976,11,,,,,,,,,
0.001,1409,,,,,,,,,,,
,1409,0.2572786211967468,11,,,,,,,,,
0.001,1419,,,,,,,,,,,
,1419,0.23257721960544586,11,,,,,,,,,
0.001,1429,,,,,,,,,,,
,1429,0.30825331807136536,11,,,,,,,,,
0.001,1439,,,,,,,,,,,
,1439,0.17657774686813354,11,,,,,,,,,
,1439,,11,0.9716740846633911,16.72574234008789,2.74700927734375,2.303943395614624,11.674789428710938,,,,
,1439,,11,,,,,,8.07976245880127,2.7558131217956543,2.14034366607666,3.183605909347534
0.001,1449,,,,,,,,,,,
,1449,0.2705942690372467,12,,,,,,,,,
0.001,1459,,,,,,,,,,,
,1459,0.2271772027015686,12,,,,,,,,,
0.001,1469,,,,,,,,,,,
,1469,0.27700579166412354,12,,,,,,,,,
0.001,1479,,,,,,,,,,,
,1479,0.27321314811706543,12,,,,,,,,,
0.001,1489,,,,,,,,,,,
,1489,0.3032640814781189,12,,,,,,,,,
0.001,1499,,,,,,,,,,,
,1499,0.32078203558921814,12,,,,,,,,,
,1499,,12,0.9539670348167419,17.39034080505371,4.519273281097412,1.9937970638275146,10.877270698547363,,,,
0.001,1509,,,,,,,,,,,
,1509,0.25117748975753784,12,,,,,,,,,
0.001,1519,,,,,,,,,,,
,1519,0.285796195268631,12,,,,,,,,,
0.001,1529,,,,,,,,,,,
,1529,0.19573523104190826,12,,,,,,,,,
0.001,1539,,,,,,,,,,,
,1539,0.24998770654201508,12,,,,,,,,,
0.001,1549,,,,,,,,,,,
,1549,0.27445486187934875,12,,,,,,,,,
0.001,1559,,,,,,,,,,,
,1559,0.3306272625923157,12,,,,,,,,,
,1559,,12,0.9684620499610901,17.14665412902832,3.677448034286499,1.8165706396102905,11.652636528015137,,,,
,1559,,12,,,,,,8.120439529418945,2.7883517742156982,2.1218409538269043,3.2102463245391846
0.001,1569,,,,,,,,,,,
,1569,0.2357509732246399,13,,,,,,,,,
0.001,1579,,,,,,,,,,,
,1579,0.18468521535396576,13,,,,,,,,,
0.001,1589,,,,,,,,,,,
,1589,0.27197030186653137,13,,,,,,,,,
0.001,1599,,,,,,,,,,,
,1599,0.2749757766723633,13,,,,,,,,,
0.001,1609,,,,,,,,,,,
,1609,0.19975440204143524,13,,,,,,,,,
0.001,1619,,,,,,,,,,,
,1619,0.22231058776378632,13,,,,,,,,,
,1619,,13,0.9114928841590881,15.662384033203125,3.5223748683929443,1.9273371696472168,10.212671279907227,,,,
0.001,1629,,,,,,,,,,,
,1629,0.3006748557090759,13,,,,,,,,,
0.001,1639,,,,,,,,,,,
,1639,0.3024112582206726,13,,,,,,,,,
0.001,1649,,,,,,,,,,,
,1649,0.2731706202030182,13,,,,,,,,,
0.001,1659,,,,,,,,,,,
,1659,0.31503862142562866,13,,,,,,,,,
0.001,1669,,,,,,,,,,,
,1669,0.36869916319847107,13,,,,,,,,,
0.001,1679,,,,,,,,,,,
,1679,0.344946950674057,13,,,,,,,,,
,1679,,13,0.9441309571266174,17.45680046081543,4.541426658630371,1.9716438055038452,10.943730354309082,,,,
,1679,,13,,,,,,8.345744132995605,2.8104143142700195,2.199514627456665,3.3358154296875
0.001,1689,,,,,,,,,,,
,1689,0.23838575184345245,14,,,,,,,,,
0.001,1699,,,,,,,,,,,
,1699,0.28989630937576294,14,,,,,,,,,
0.001,1709,,,,,,,,,,,
,1709,0.4705798029899597,14,,,,,,,,,
0.001,1719,,,,,,,,,,,
,1719,0.3185640573501587,14,,,,,,,,,
0.001,1729,,,,,,,,,,,
,1729,0.27429625391960144,14,,,,,,,,,
0.001,1739,,,,,,,,,,,
,1739,0.2395821362733841,14,,,,,,,,,
,1739,,14,0.9555779695510864,16.991580963134766,3.8768277168273926,1.794417381286621,11.32033634185791,,,,
0.001,1749,,,,,,,,,,,
,1749,0.31660914421081543,14,,,,,,,,,
0.001,1759,,,,,,,,,,,
,1759,0.354574054479599,14,,,,,,,,,
0.001,1769,,,,,,,,,,,
,1769,0.2355276495218277,14,,,,,,,,,
0.001,1779,,,,,,,,,,,
,1779,0.29212087392807007,14,,,,,,,,,
0.001,1789,,,,,,,,,,,
,1789,0.2758301794528961,14,,,,,,,,,
0.001,1799,,,,,,,,,,,
,1799,0.4114868640899658,14,,,,,,,,,
,1799,,14,0.9539594650268555,17.213115692138672,3.721754550933838,1.9716438055038452,11.519716262817383,,,,
,1799,,14,,,,,,8.578901290893555,2.9564003944396973,2.214219093322754,3.4082818031311035
0.001,1809,,,,,,,,,,,
,1809,0.17873969674110413,15,,,,,,,,,
0.001,1819,,,,,,,,,,,
,1819,0.19231268763542175,15,,,,,,,,,
0.001,1829,,,,,,,,,,,
,1829,0.1561848521232605,15,,,,,,,,,
0.001,1839,,,,,,,,,,,
,1839,0.21073110401630402,15,,,,,,,,,
0.001,1849,,,,,,,,,,,
,1849,0.2706749141216278,15,,,,,,,,,
0.001,1859,,,,,,,,,,,
,1859,0.20786438882350922,15,,,,,,,,,
,1859,,15,0.8782780766487122,17.14665412902832,4.962339401245117,1.4178112745285034,10.766504287719727,,,,
0.001,1869,,,,,,,,,,,
,1869,0.24414093792438507,15,,,,,,,,,
0.001,1879,,,,,,,,,,,
,1879,0.21365052461624146,15,,,,,,,,,
0.001,1889,,,,,,,,,,,
,1889,0.20004014670848846,15,,,,,,,,,
0.001,1899,,,,,,,,,,,
,1899,0.18322564661502838,15,,,,,,,,,
0.001,1909,,,,,,,,,,,
,1909,0.2310357540845871,15,,,,,,,,,
0.001,1919,,,,,,,,,,,
,1919,0.2409987896680832,15,,,,,,,,,
,1919,,15,0.8812134265899658,16.614974975585938,3.8546743392944336,1.860877275466919,10.899423599243164,,,,
,1919,,15,,,,,,7.8931121826171875,2.7133431434631348,2.079589605331421,3.100179672241211
0.001,1929,,,,,,,,,,,
,1929,0.18913185596466064,16,,,,,,,,,
0.001,1939,,,,,,,,,,,
,1939,0.26181507110595703,16,,,,,,,,,
0.001,1949,,,,,,,,,,,
,1949,0.20452545583248138,16,,,,,,,,,
0.001,1959,,,,,,,,,,,
,1959,0.19780415296554565,16,,,,,,,,,
0.001,1969,,,,,,,,,,,
,1969,0.2156907320022583,16,,,,,,,,,
0.001,1979,,,,,,,,,,,
,1979,0.2471172958612442,16,,,,,,,,,
,1979,,16,0.9477933049201965,17.545413970947266,6.269383907318115,1.0855116844177246,10.190518379211426,,,,
0.001,1989,,,,,,,,,,,
,1989,0.2434970736503601,16,,,,,,,,,
0.001,1999,,,,,,,,,,,
,1999,0.22706128656864166,16,,,,,,,,,
0.001,2009,,,,,,,,,,,
,2009,0.2029361128807068,16,,,,,,,,,
0.001,2019,,,,,,,,,,,
,2019,0.2093200385570526,16,,,,,,,,,
0.001,2029,,,,,,,,,,,
,2029,0.23774009943008423,16,,,,,,,,,
0.001,2039,,,,,,,,,,,
,2039,0.2476566880941391,16,,,,,,,,,
,2039,,16,0.8845155835151672,16.149755477905273,3.7660610675811768,1.5950376987457275,10.788657188415527,,,,
,2039,,16,,,,,,7.347988128662109,2.584512233734131,1.9700031280517578,2.7934727668762207
0.001,2049,,,,,,,,,,,
,2049,0.2235306352376938,17,,,,,,,,,
0.001,2059,,,,,,,,,,,
,2059,0.19998259842395782,17,,,,,,,,,
0.001,2069,,,,,,,,,,,
,2069,0.23496507108211517,17,,,,,,,,,
0.001,2079,,,,,,,,,,,
,2079,0.18827518820762634,17,,,,,,,,,
0.001,2089,,,,,,,,,,,
,2089,0.271792471408844,17,,,,,,,,,
0.001,2099,,,,,,,,,,,
,2099,0.27482956647872925,17,,,,,,,,,
,2099,,17,0.901042103767395,16.194063186645508,3.9654407501220703,2.0159504413604736,10.212671279907227,,,,
0.001,2109,,,,,,,,,,,
,2109,0.21013130247592926,17,,,,,,,,,
0.001,2119,,,,,,,,,,,
,2119,0.23329411447048187,17,,,,,,,,,
0.001,2129,,,,,,,,,,,
,2129,0.32216235995292664,17,,,,,,,,,
0.001,2139,,,,,,,,,,,
,2139,0.24163445830345154,17,,,,,,,,,
0.001,2149,,,,,,,,,,,
,2149,0.2446683943271637,17,,,,,,,,,
0.001,2159,,,,,,,,,,,
,2159,0.28906169533729553,17,,,,,,,,,
,2159,,17,0.9455235600471497,16.526363372802734,3.145768642425537,2.1267168521881104,11.253876686096191,,,,
,2159,,17,,,,,,7.483713150024414,2.691112995147705,2.0657522678375244,2.7268478870391846
0.001,2169,,,,,,,,,,,
,2169,0.17882007360458374,18,,,,,,,,,
0.001,2179,,,,,,,,,,,
,2179,0.18232950568199158,18,,,,,,,,,
0.001,2189,,,,,,,,,,,
,2189,0.21204011142253876,18,,,,,,,,,
0.001,2199,,,,,,,,,,,
,2199,0.1817137598991394,18,,,,,,,,,
0.001,2209,,,,,,,,,,,
,2209,0.17622721195220947,18,,,,,,,,,
0.001,2219,,,,,,,,,,,
,2219,0.22496113181114197,18,,,,,,,,,
,2219,,18,1.0050990581512451,17.035888671875,4.386353492736816,1.6836508512496948,10.9658842086792,,,,
0.001,2229,,,,,,,,,,,
,2229,0.38709506392478943,18,,,,,,,,,
0.001,2239,,,,,,,,,,,
,2239,0.2202657014131546,18,,,,,,,,,
0.001,2249,,,,,,,,,,,
,2249,0.33015894889831543,18,,,,,,,,,
0.001,2259,,,,,,,,,,,
,2259,0.36761271953582764,18,,,,,,,,,
0.001,2269,,,,,,,,,,,
,2269,0.18539488315582275,18,,,,,,,,,
0.001,2279,,,,,,,,,,,
,2279,0.27880382537841797,18,,,,,,,,,
,2279,,18,0.9498193264007568,16.016836166381836,3.8325209617614746,1.5507310628890991,10.633584022521973,,,,
,2279,,18,,,,,,7.487255573272705,2.5585005283355713,2.09956431388855,2.829190492630005
0.0001,2289,,,,,,,,,,,
,2289,0.30243444442749023,19,,,,,,,,,
0.0001,2299,,,,,,,,,,,
,2299,0.21428282558918,19,,,,,,,,,
0.0001,2309,,,,,,,,,,,
,2309,0.18747849762439728,19,,,,,,,,,
0.0001,2319,,,,,,,,,,,
,2319,0.13901816308498383,19,,,,,,,,,
0.0001,2329,,,,,,,,,,,
,2329,0.14448221027851105,19,,,,,,,,,
0.0001,2339,,,,,,,,,,,
,2339,0.18941113352775574,19,,,,,,,,,
,2339,,19,0.8555603623390198,14.86486530303955,3.4337615966796875,1.3956578969955444,10.035445213317871,,,,
0.0001,2349,,,,,,,,,,,
,2349,0.14782842993736267,19,,,,,,,,,
0.0001,2359,,,,,,,,,,,
,2359,0.18198251724243164,19,,,,,,,,,
0.0001,2369,,,,,,,,,,,
,2369,0.17223307490348816,19,,,,,,,,,
0.0001,2379,,,,,,,,,,,
,2379,0.14603284001350403,19,,,,,,,,,
0.0001,2389,,,,,,,,,,,
,2389,0.12358034402132034,19,,,,,,,,,
0.0001,2399,,,,,,,,,,,
,2399,0.13961507380008698,19,,,,,,,,,
,2399,,19,0.8168546557426453,14.643331527709961,3.5002214908599854,1.4399645328521729,9.703145980834961,,,,
,2399,,19,,,,,,5.632443904876709,2.1945302486419678,1.6390053033828735,1.7989082336425781
0.0001,2409,,,,,,,,,,,
,2409,0.14010922610759735,20,,,,,,,,,
0.0001,2419,,,,,,,,,,,
,2419,0.16919025778770447,20,,,,,,,,,
0.0001,2429,,,,,,,,,,,
,2429,0.1622515320777893,20,,,,,,,,,
0.0001,2439,,,,,,,,,,,
,2439,0.17310090363025665,20,,,,,,,,,
0.0001,2449,,,,,,,,,,,
,2449,0.11267086118459702,20,,,,,,,,,
0.0001,2459,,,,,,,,,,,
,2459,0.09306465834379196,20,,,,,,,,,
,2459,,20,0.7954991459846497,14.333185195922852,3.0793087482452393,1.4621179103851318,9.79175853729248,,,,
0.0001,2469,,,,,,,,,,,
,2469,0.20062406361103058,20,,,,,,,,,
0.0001,2479,,,,,,,,,,,
,2479,0.09749553352594376,20,,,,,,,,,
0.0001,2489,,,,,,,,,,,
,2489,0.15891802310943604,20,,,,,,,,,
0.0001,2499,,,,,,,,,,,
,2499,0.15219643712043762,20,,,,,,,,,
0.0001,2509,,,,,,,,,,,
,2509,0.16893546283245087,20,,,,,,,,,
0.0001,2519,,,,,,,,,,,
,2519,0.13683201372623444,20,,,,,,,,,
,2519,,20,0.7936742305755615,14.133806228637695,3.145768642425537,1.3956578969955444,9.592379570007324,,,,
,2519,,20,,,,,,4.745067596435547,1.894450068473816,1.518862009048462,1.3317557573318481
0.0001,2529,,,,,,,,,,,
,2529,0.08862891793251038,21,,,,,,,,,
0.0001,2539,,,,,,,,,,,
,2539,0.11184646934270859,21,,,,,,,,,
0.0001,2549,,,,,,,,,,,
,2549,0.11303999274969101,21,,,,,,,,,
0.0001,2559,,,,,,,,,,,
,2559,0.13708578050136566,21,,,,,,,,,
0.0001,2569,,,,,,,,,,,
,2569,0.19249840080738068,21,,,,,,,,,
0.0001,2579,,,,,,,,,,,
,2579,0.1588931381702423,21,,,,,,,,,
,2579,,21,0.7862499952316284,14.000885963439941,3.234381914138794,1.2848914861679077,9.481613159179688,,,,
0.0001,2589,,,,,,,,,,,
,2589,0.10621219128370285,21,,,,,,,,,
0.0001,2599,,,,,,,,,,,
,2599,0.10879337787628174,21,,,,,,,,,
0.0001,2609,,,,,,,,,,,
,2609,0.14292503893375397,21,,,,,,,,,
0.0001,2619,,,,,,,,,,,
,2619,0.1636793613433838,21,,,,,,,,,
0.0001,2629,,,,,,,,,,,
,2629,0.11149083077907562,21,,,,,,,,,
0.0001,2639,,,,,,,,,,,
,2639,0.13062214851379395,21,,,,,,,,,
,2639,,21,0.7869165539741516,14.155959129333496,3.4337615966796875,1.3070447444915771,9.415152549743652,,,,
,2639,,21,,,,,,4.435522556304932,1.8382807970046997,1.4368013143539429,1.1604405641555786
0.0001,2649,,,,,,,,,,,
,2649,0.16223041713237762,22,,,,,,,,,
0.0001,2659,,,,,,,,,,,
,2659,0.10874655842781067,22,,,,,,,,,
0.0001,2669,,,,,,,,,,,
,2669,0.10979706794023514,22,,,,,,,,,
0.0001,2679,,,,,,,,,,,
,2679,0.11901593953371048,22,,,,,,,,,
0.0001,2689,,,,,,,,,,,
,2689,0.10145556181669235,22,,,,,,,,,
0.0001,2699,,,,,,,,,,,
,2699,0.09163442254066467,22,,,,,,,,,
,2699,,22,0.776603639125824,14.023039817810059,2.9685423374176025,1.3513513803482056,9.703145980834961,,,,
0.0001,2709,,,,,,,,,,,
,2709,0.11850395053625107,22,,,,,,,,,
0.0001,2719,,,,,,,,,,,
,2719,0.1138651967048645,22,,,,,,,,,
0.0001,2729,,,,,,,,,,,
,2729,0.16223633289337158,22,,,,,,,,,
0.0001,2739,,,,,,,,,,,
,2739,0.14955417811870575,22,,,,,,,,,
0.0001,2749,,,,,,,,,,,
,2749,0.04823530465364456,22,,,,,,,,,
0.0001,2759,,,,,,,,,,,
,2759,0.06898542493581772,22,,,,,,,,,
,2759,,22,0.7761510014533997,14.04519271850586,3.300841808319092,1.1962782144546509,9.548072814941406,,,,
,2759,,22,,,,,,4.212906360626221,1.8390107154846191,1.3289402723312378,1.0449551343917847
0.0001,2769,,,,,,,,,,,
,2769,0.0780777856707573,23,,,,,,,,,
0.0001,2779,,,,,,,,,,,
,2779,0.11850884556770325,23,,,,,,,,,
0.0001,2789,,,,,,,,,,,
,2789,0.10009405761957169,23,,,,,,,,,
0.0001,2799,,,,,,,,,,,
,2799,0.1330292671918869,23,,,,,,,,,
0.0001,2809,,,,,,,,,,,
,2809,0.10850222408771515,23,,,,,,,,,
0.0001,2819,,,,,,,,,,,
,2819,0.12655596435070038,23,,,,,,,,,
,2819,,23,0.7792384028434753,14.200265884399414,3.300841808319092,1.2405848503112793,9.658839225769043,,,,
0.0001,2829,,,,,,,,,,,
,2829,0.10729017853736877,23,,,,,,,,,
0.0001,2839,,,,,,,,,,,
,2839,0.07749763876199722,23,,,,,,,,,
0.0001,2849,,,,,,,,,,,
,2849,0.11854790896177292,23,,,,,,,,,
0.0001,2859,,,,,,,,,,,
,2859,0.12385857850313187,23,,,,,,,,,
0.0001,2869,,,,,,,,,,,
,2869,0.07023530453443527,23,,,,,,,,,
0.0001,2879,,,,,,,,,,,
,2879,0.08977366983890533,23,,,,,,,,,
,2879,,23,0.7822373509407043,13.97873306274414,3.256535291671753,1.2405848503112793,9.481613159179688,,,,
,2879,,23,,,,,,4.028806686401367,1.764060378074646,1.318244218826294,0.9465020298957825
0.0001,2889,,,,,,,,,,,
,2889,0.0909569188952446,24,,,,,,,,,
0.0001,2899,,,,,,,,,,,
,2899,0.1115865632891655,24,,,,,,,,,
0.0001,2909,,,,,,,,,,,
,2909,0.06597328186035156,24,,,,,,,,,
0.0001,2919,,,,,,,,,,,
,2919,0.08272231370210648,24,,,,,,,,,
0.0001,2929,,,,,,,,,,,
,2929,0.07876558601856232,24,,,,,,,,,
0.0001,2939,,,,,,,,,,,
,2939,0.08370156586170197,24,,,,,,,,,
,2939,,24,0.7874174118041992,13.845812797546387,3.5445282459259033,1.0855116844177246,9.215773582458496,,,,
0.0001,2949,,,,,,,,,,,
,2949,0.11949078738689423,24,,,,,,,,,
0.0001,2959,,,,,,,,,,,
,2959,0.13544806838035583,24,,,,,,,,,
0.0001,2969,,,,,,,,,,,
,2969,0.13855746388435364,24,,,,,,,,,
0.0001,2979,,,,,,,,,,,
,2979,0.15539509057998657,24,,,,,,,,,
0.0001,2989,,,,,,,,,,,
,2989,0.1303616315126419,24,,,,,,,,,
0.0001,2999,,,,,,,,,,,
,2999,0.11407756805419922,24,,,,,,,,,
,2999,,24,0.7851388454437256,13.779353141784668,3.212228536605835,1.129818320274353,9.43730640411377,,,,
,2999,,24,,,,,,3.9160819053649902,1.683046817779541,1.3205232620239258,0.9125118851661682
0.0001,3009,,,,,,,,,,,
,3009,0.12154535949230194,25,,,,,,,,,
0.0001,3019,,,,,,,,,,,
,3019,0.10943391919136047,25,,,,,,,,,
0.0001,3029,,,,,,,,,,,
,3029,0.11941944807767868,25,,,,,,,,,
0.0001,3039,,,,,,,,,,,
,3039,0.14370174705982208,25,,,,,,,,,
0.0001,3049,,,,,,,,,,,
,3049,0.12396175414323807,25,,,,,,,,,
0.0001,3059,,,,,,,,,,,
,3059,0.0834960788488388,25,,,,,,,,,
,3059,,25,0.7911339998245239,13.956579208374023,3.256535291671753,1.2627381086349487,9.43730640411377,,,,
0.0001,3069,,,,,,,,,,,
,3069,0.07209811359643936,25,,,,,,,,,
0.0001,3079,,,,,,,,,,,
,3079,0.08678729832172394,25,,,,,,,,,
0.0001,3089,,,,,,,,,,,
,3089,0.12259292602539062,25,,,,,,,,,
0.0001,3099,,,,,,,,,,,
,3099,0.089352548122406,25,,,,,,,,,
0.0001,3109,,,,,,,,,,,
,3109,0.11419489234685898,25,,,,,,,,,
0.0001,3119,,,,,,,,,,,
,3119,0.124850332736969,25,,,,,,,,,
,3119,,25,0.7784428000450134,13.513513565063477,3.5002214908599854,1.151971697807312,8.861320495605469,,,,
,3119,,25,,,,,,3.7145609855651855,1.6088632345199585,1.234516978263855,0.8711808323860168
0.0001,3129,,,,,,,,,,,
,3129,0.1154002994298935,26,,,,,,,,,
0.0001,3139,,,,,,,,,,,
,3139,0.11392410844564438,26,,,,,,,,,
0.0001,3149,,,,,,,,,,,
,3149,0.09592832624912262,26,,,,,,,,,
0.0001,3159,,,,,,,,,,,
,3159,0.177490234375,26,,,,,,,,,
0.0001,3169,,,,,,,,,,,
,3169,0.10396754741668701,26,,,,,,,,,
0.0001,3179,,,,,,,,,,,
,3179,0.08774814009666443,26,,,,,,,,,
,3179,,26,0.7676849365234375,13.867966651916504,3.256535291671753,1.1741249561309814,9.43730640411377,,,,
0.0001,3189,,,,,,,,,,,
,3189,0.07219081372022629,26,,,,,,,,,
0.0001,3199,,,,,,,,,,,
,3199,0.06749272346496582,26,,,,,,,,,
0.0001,3209,,,,,,,,,,,
,3209,0.10847959667444229,26,,,,,,,,,
0.0001,3219,,,,,,,,,,,
,3219,0.18843233585357666,26,,,,,,,,,
0.0001,3229,,,,,,,,,,,
,3229,0.13037018477916718,26,,,,,,,,,
0.0001,3239,,,,,,,,,,,
,3239,0.0945119634270668,26,,,,,,,,,
,3239,,26,0.7645223140716553,13.867966651916504,3.566681385040283,1.2405848503112793,9.060700416564941,,,,
,3239,,26,,,,,,3.727179765701294,1.6309001445770264,1.2566630840301514,0.8396166563034058
0.0001,3249,,,,,,,,,,,
,3249,0.07666552066802979,27,,,,,,,,,
0.0001,3259,,,,,,,,,,,
,3259,0.13408023118972778,27,,,,,,,,,
0.0001,3269,,,,,,,,,,,
,3269,0.10618577152490616,27,,,,,,,,,
0.0001,3279,,,,,,,,,,,
,3279,0.12477392703294754,27,,,,,,,,,
0.0001,3289,,,,,,,,,,,
,3289,0.08736802637577057,27,,,,,,,,,
0.0001,3299,,,,,,,,,,,
,3299,0.12965022027492523,27,,,,,,,,,
,3299,,27,0.7770810127258301,13.690739631652832,2.9463889598846436,1.2848914861679077,9.45945930480957,,,,
0.0001,3309,,,,,,,,,,,
,3309,0.08588468283414841,27,,,,,,,,,
0.0001,3319,,,,,,,,,,,
,3319,0.11989328265190125,27,,,,,,,,,
0.0001,3329,,,,,,,,,,,
,3329,0.07673382759094238,27,,,,,,,,,
0.0001,3339,,,,,,,,,,,
,3339,0.10525987297296524,27,,,,,,,,,
0.0001,3349,,,,,,,,,,,
,3349,0.08917940407991409,27,,,,,,,,,
0.0001,3359,,,,,,,,,,,
,3359,0.07823015749454498,27,,,,,,,,,
,3359,,27,0.7700868248939514,13.73504638671875,3.300841808319092,1.1962782144546509,9.237926483154297,,,,
,3359,,27,,,,,,3.5920488834381104,1.5946332216262817,1.1519850492477417,0.8454305529594421
0.0001,3369,,,,,,,,,,,
,3369,0.09158153831958771,28,,,,,,,,,
0.0001,3379,,,,,,,,,,,
,3379,0.07085008174180984,28,,,,,,,,,
0.0001,3389,,,,,,,,,,,
,3389,0.07908633351325989,28,,,,,,,,,
0.0001,3399,,,,,,,,,,,
,3399,0.1292034238576889,28,,,,,,,,,
0.0001,3409,,,,,,,,,,,
,3409,0.10628297179937363,28,,,,,,,,,
0.0001,3419,,,,,,,,,,,
,3419,0.12903857231140137,28,,,,,,,,,
,3419,,28,0.7737892866134644,13.42490005493164,3.0571556091308594,1.129818320274353,9.237926483154297,,,,
0.0001,3429,,,,,,,,,,,
,3429,0.1148344948887825,28,,,,,,,,,
0.0001,3439,,,,,,,,,,,
,3439,0.08715187013149261,28,,,,,,,,,
0.0001,3449,,,,,,,,,,,
,3449,0.09485310316085815,28,,,,,,,,,
0.0001,3459,,,,,,,,,,,
,3459,0.07471302896738052,28,,,,,,,,,
0.0001,3469,,,,,,,,,,,
,3469,0.13026531040668488,28,,,,,,,,,
0.0001,3479,,,,,,,,,,,
,3479,0.10765102505683899,28,,,,,,,,,
,3479,,28,0.7730406522750854,13.890119552612305,3.4780681133270264,1.129818320274353,9.282233238220215,,,,
,3479,,28,,,,,,3.266317844390869,1.4720462560653687,1.115395188331604,0.6788763403892517
0.0001,3489,,,,,,,,,,,
,3489,0.08591801673173904,29,,,,,,,,,
0.0001,3499,,,,,,,,,,,
,3499,0.12459684908390045,29,,,,,,,,,
0.0001,3509,,,,,,,,,,,
,3509,0.11378012597560883,29,,,,,,,,,
0.0001,3519,,,,,,,,,,,
,3519,0.15374264121055603,29,,,,,,,,,
0.0001,3529,,,,,,,,,,,
,3529,0.06334660947322845,29,,,,,,,,,
0.0001,3539,,,,,,,,,,,
,3539,0.08694899082183838,29,,,,,,,,,
,3539,,29,0.7879822850227356,13.779353141784668,3.1014621257781982,1.129818320274353,9.548072814941406,,,,
0.0001,3549,,,,,,,,,,,
,3549,0.13416026532649994,29,,,,,,,,,
0.0001,3559,,,,,,,,,,,
,3559,0.06300422549247742,29,,,,,,,,,
0.0001,3569,,,,,,,,,,,
,3569,0.12582913041114807,29,,,,,,,,,
0.0001,3579,,,,,,,,,,,
,3579,0.1362953931093216,29,,,,,,,,,
0.0001,3589,,,,,,,,,,,
,3589,0.09635447710752487,29,,,,,,,,,
0.0001,3599,,,,,,,,,,,
,3599,0.1025640144944191,29,,,,,,,,,
,3599,,29,0.8048410415649414,14.000885963439941,3.322995185852051,1.3291980028152466,9.348692893981934,,,,
,3599,,29,,,,,,3.2811057567596436,1.4896578788757324,1.0858930349349976,0.7055548429489136
0.0001,3609,,,,,,,,,,,
,3609,0.13776960968971252,30,,,,,,,,,
0.0001,3619,,,,,,,,,,,
,3619,0.08230125159025192,30,,,,,,,,,
0.0001,3629,,,,,,,,,,,
,3629,0.0968940481543541,30,,,,,,,,,
0.0001,3639,,,,,,,,,,,
,3639,0.05254204943776131,30,,,,,,,,,
0.0001,3649,,,,,,,,,,,
,3649,0.11275621503591537,30,,,,,,,,,
0.0001,3659,,,,,,,,,,,
,3659,0.0963292270898819,30,,,,,,,,,
,3659,,30,0.8019911050796509,14.133806228637695,3.4337615966796875,1.1962782144546509,9.503766059875488,,,,
0.0001,3669,,,,,,,,,,,
,3669,0.10911770910024643,30,,,,,,,,,
0.0001,3679,,,,,,,,,,,
,3679,0.09113702178001404,30,,,,,,,,,
0.0001,3689,,,,,,,,,,,
,3689,0.08783301711082458,30,,,,,,,,,
0.0001,3699,,,,,,,,,,,
,3699,0.0782594233751297,30,,,,,,,,,
0.0001,3709,,,,,,,,,,,
,3709,0.15147808194160461,30,,,,,,,,,
0.0001,3719,,,,,,,,,,,
,3719,0.11439567059278488,30,,,,,,,,,
,3719,,30,0.7899321913719177,13.867966651916504,3.3451483249664307,1.2184315919876099,9.304386138916016,,,,
,3719,,30,,,,,,3.265928030014038,1.49774169921875,1.1476737260818481,0.6205126047134399
0.0001,3729,,,,,,,,,,,
,3729,0.1251896619796753,31,,,,,,,,,
0.0001,3739,,,,,,,,,,,
,3739,0.12072257697582245,31,,,,,,,,,
0.0001,3749,,,,,,,,,,,
,3749,0.06633251160383224,31,,,,,,,,,
0.0001,3759,,,,,,,,,,,
,3759,0.09205588698387146,31,,,,,,,,,
0.0001,3769,,,,,,,,,,,
,3769,0.07224660366773605,31,,,,,,,,,
0.0001,3779,,,,,,,,,,,
,3779,0.08006018400192261,31,,,,,,,,,
,3779,,31,0.801831066608429,13.646432876586914,3.1236155033111572,1.3070447444915771,9.215773582458496,,,,
0.0001,3789,,,,,,,,,,,
,3789,0.09270568192005157,31,,,,,,,,,
0.0001,3799,,,,,,,,,,,
,3799,0.05290157347917557,31,,,,,,,,,
0.0001,3809,,,,,,,,,,,
,3809,0.07843372970819473,31,,,,,,,,,
0.0001,3819,,,,,,,,,,,
,3819,0.12548035383224487,31,,,,,,,,,
0.0001,3829,,,,,,,,,,,
,3829,0.07269727438688278,31,,,,,,,,,
0.0001,3839,,,,,,,,,,,
,3839,0.13431793451309204,31,,,,,,,,,
,3839,,31,0.8045199513435364,14.200265884399414,3.677448034286499,1.1076650619506836,9.415152549743652,,,,
,3839,,31,,,,,,3.3137218952178955,1.489452600479126,1.129834532737732,0.6944348812103271
0.0001,3849,,,,,,,,,,,
,3849,0.10947263240814209,32,,,,,,,,,
0.0001,3859,,,,,,,,,,,
,3859,0.09393451362848282,32,,,,,,,,,
0.0001,3869,,,,,,,,,,,
,3869,0.06921233236789703,32,,,,,,,,,
0.0001,3879,,,,,,,,,,,
,3879,0.10783868283033371,32,,,,,,,,,
0.0001,3889,,,,,,,,,,,
,3889,0.07179540395736694,32,,,,,,,,,
0.0001,3899,,,,,,,,,,,
,3899,0.11584470421075821,32,,,,,,,,,
,3899,,32,0.7922247648239136,14.023039817810059,3.5002214908599854,1.129818320274353,9.392999649047852,,,,
0.0001,3909,,,,,,,,,,,
,3909,0.08365088701248169,32,,,,,,,,,
0.0001,3919,,,,,,,,,,,
,3919,0.09085330367088318,32,,,,,,,,,
0.0001,3929,,,,,,,,,,,
,3929,0.09115906059741974,32,,,,,,,,,
0.0001,3939,,,,,,,,,,,
,3939,0.09863180667161942,32,,,,,,,,,
0.0001,3949,,,,,,,,,,,
,3949,0.06278806924819946,32,,,,,,,,,
0.0001,3959,,,,,,,,,,,
,3959,0.07577499747276306,32,,,,,,,,,
,3959,,32,0.7882380485534668,13.801506042480469,3.3673017024993896,1.1076650619506836,9.326539993286133,,,,
,3959,,32,,,,,,3.2659988403320312,1.4694925546646118,1.1328200101852417,0.6636862754821777
0.0001,3969,,,,,,,,,,,
,3969,0.07675420492887497,33,,,,,,,,,
0.0001,3979,,,,,,,,,,,
,3979,0.10008743405342102,33,,,,,,,,,
0.0001,3989,,,,,,,,,,,
,3989,0.07799629867076874,33,,,,,,,,,
0.0001,3999,,,,,,,,,,,
,3999,0.1265006959438324,33,,,,,,,,,
0.0001,4009,,,,,,,,,,,
,4009,0.0939033105969429,33,,,,,,,,,
0.0001,4019,,,,,,,,,,,
,4019,0.11351493000984192,33,,,,,,,,,
,4019,,33,0.7963184118270874,13.823659896850586,3.4116082191467285,1.129818320274353,9.282233238220215,,,,
0.0001,4029,,,,,,,,,,,
,4029,0.0866253674030304,33,,,,,,,,,
0.0001,4039,,,,,,,,,,,
,4039,0.11104774475097656,33,,,,,,,,,
0.0001,4049,,,,,,,,,,,
,4049,0.0988546833395958,33,,,,,,,,,
0.0001,4059,,,,,,,,,,,
,4059,0.07290933281183243,33,,,,,,,,,
0.0001,4069,,,,,,,,,,,
,4069,0.1372571438550949,33,,,,,,,,,
0.0001,4079,,,,,,,,,,,
,4079,0.10003768652677536,33,,,,,,,,,
,4079,,33,0.7961093187332153,13.97873306274414,3.3673017024993896,1.3070447444915771,9.304386138916016,,,,
,4079,,33,,,,,,3.2096426486968994,1.4647941589355469,1.0858970880508423,0.658951461315155
0.0001,4089,,,,,,,,,,,
,4089,0.08466405421495438,34,,,,,,,,,
0.0001,4099,,,,,,,,,,,
,4099,0.09524640440940857,34,,,,,,,,,
0.0001,4109,,,,,,,,,,,
,4109,0.06534617394208908,34,,,,,,,,,
0.0001,4119,,,,,,,,,,,
,4119,0.08619888871908188,34,,,,,,,,,
0.0001,4129,,,,,,,,,,,
,4129,0.07689218968153,34,,,,,,,,,
0.0001,4139,,,,,,,,,,,
,4139,0.07750453799962997,34,,,,,,,,,
,4139,,34,0.7916224002838135,13.801506042480469,3.4337615966796875,1.3513513803482056,9.016393661499023,,,,
0.0001,4149,,,,,,,,,,,
,4149,0.08711783587932587,34,,,,,,,,,
0.0001,4159,,,,,,,,,,,
,4159,0.10849697142839432,34,,,,,,,,,
0.0001,4169,,,,,,,,,,,
,4169,0.10617195069789886,34,,,,,,,,,
0.0001,4179,,,,,,,,,,,
,4179,0.09480687230825424,34,,,,,,,,,
0.0001,4189,,,,,,,,,,,
,4189,0.08800996840000153,34,,,,,,,,,
0.0001,4199,,,,,,,,,,,
,4199,0.10358406603336334,34,,,,,,,,,
,4199,,34,0.7937704920768738,13.845812797546387,3.256535291671753,1.2848914861679077,9.304386138916016,,,,
,4199,,34,,,,,,3.2432730197906494,1.518303632736206,1.0581281185150146,0.6668412089347839
1e-05,4209,,,,,,,,,,,
,4209,0.08415402472019196,35,,,,,,,,,
1e-05,4219,,,,,,,,,,,
,4219,0.08529449254274368,35,,,,,,,,,
1e-05,4229,,,,,,,,,,,
,4229,0.0689968466758728,35,,,,,,,,,
1e-05,4239,,,,,,,,,,,
,4239,0.09471170604228973,35,,,,,,,,,
1e-05,4249,,,,,,,,,,,
,4249,0.09893003106117249,35,,,,,,,,,
1e-05,4259,,,,,,,,,,,
,4259,0.08203776925802231,35,,,,,,,,,
,4259,,35,0.7905558347702026,13.757200241088867,3.234381914138794,1.3291980028152466,9.193619728088379,,,,
1e-05,4269,,,,,,,,,,,
,4269,0.08078096061944962,35,,,,,,,,,
1e-05,4279,,,,,,,,,,,
,4279,0.11606980115175247,35,,,,,,,,,
1e-05,4289,,,,,,,,,,,
,4289,0.11994866281747818,35,,,,,,,,,
1e-05,4299,,,,,,,,,,,
,4299,0.06730946153402328,35,,,,,,,,,
1e-05,4309,,,,,,,,,,,
,4309,0.05780559033155441,35,,,,,,,,,
1e-05,4319,,,,,,,,,,,
,4319,0.06645604968070984,35,,,,,,,,,
,4319,,35,0.788811445236206,13.801506042480469,3.234381914138794,1.373504638671875,9.193619728088379,,,,
,4319,,35,,,,,,3.146228075027466,1.4548554420471191,1.0547014474868774,0.6366711854934692
1e-05,4329,,,,,,,,,,,
,4329,0.07380367815494537,36,,,,,,,,,
1e-05,4339,,,,,,,,,,,
,4339,0.11357401311397552,36,,,,,,,,,
1e-05,4349,,,,,,,,,,,
,4349,0.08565165847539902,36,,,,,,,,,
1e-05,4359,,,,,,,,,,,
,4359,0.09024002403020859,36,,,,,,,,,
1e-05,4369,,,,,,,,,,,
,4369,0.07544374465942383,36,,,,,,,,,
1e-05,4379,,,,,,,,,,,
,4379,0.09803996235132217,36,,,,,,,,,
,4379,,36,0.7874577641487122,13.934426307678223,3.3451483249664307,1.3956578969955444,9.193619728088379,,,,
1e-05,4389,,,,,,,,,,,
,4389,0.08696819841861725,36,,,,,,,,,
1e-05,4399,,,,,,,,,,,
,4399,0.07441586256027222,36,,,,,,,,,
1e-05,4409,,,,,,,,,,,
,4409,0.08983027935028076,36,,,,,,,,,
1e-05,4419,,,,,,,,,,,
,4419,0.11067422479391098,36,,,,,,,,,
1e-05,4429,,,,,,,,,,,
,4429,0.07581832259893417,36,,,,,,,,,
1e-05,4439,,,,,,,,,,,
,4439,0.05651916190981865,36,,,,,,,,,
,4439,,36,0.786469578742981,13.867966651916504,3.3673017024993896,1.3291980028152466,9.171466827392578,,,,
,4439,,36,,,,,,3.0553524494171143,1.3924347162246704,1.077791452407837,0.5851262211799622
1e-05,4449,,,,,,,,,,,
,4449,0.06327102333307266,37,,,,,,,,,
1e-05,4459,,,,,,,,,,,
,4459,0.07926470786333084,37,,,,,,,,,
1e-05,4469,,,,,,,,,,,
,4469,0.1222597137093544,37,,,,,,,,,
1e-05,4479,,,,,,,,,,,
,4479,0.0726386308670044,37,,,,,,,,,
1e-05,4489,,,,,,,,,,,
,4489,0.1307378113269806,37,,,,,,,,,
1e-05,4499,,,,,,,,,,,
,4499,0.09340623766183853,37,,,,,,,,,
,4499,,37,0.7879146933555603,13.801506042480469,3.3451483249664307,1.3291980028152466,9.12716007232666,,,,
1e-05,4509,,,,,,,,,,,
,4509,0.06258927285671234,37,,,,,,,,,
1e-05,4519,,,,,,,,,,,
,4519,0.11292552202939987,37,,,,,,,,,
1e-05,4529,,,,,,,,,,,
,4529,0.08645515888929367,37,,,,,,,,,
1e-05,4539,,,,,,,,,,,
,4539,0.10994982719421387,37,,,,,,,,,
1e-05,4549,,,,,,,,,,,
,4549,0.0656685009598732,37,,,,,,,,,
1e-05,4559,,,,,,,,,,,
,4559,0.08287397027015686,37,,,,,,,,,
,4559,,37,0.7850590944290161,13.845812797546387,3.322995185852051,1.3513513803482056,9.171466827392578,,,,
,4559,,37,,,,,,3.0356552600860596,1.4184788465499878,1.054200291633606,0.562976062297821
1e-05,4569,,,,,,,,,,,
,4569,0.11108047515153885,38,,,,,,,,,
1e-05,4579,,,,,,,,,,,
,4579,0.06542684882879257,38,,,,,,,,,
1e-05,4589,,,,,,,,,,,
,4589,0.08207675814628601,38,,,,,,,,,
1e-05,4599,,,,,,,,,,,
,4599,0.06880989670753479,38,,,,,,,,,
1e-05,4609,,,,,,,,,,,
,4609,0.07514222711324692,38,,,,,,,,,
1e-05,4619,,,,,,,,,,,
,4619,0.0731482282280922,38,,,,,,,,,
,4619,,38,0.7834506630897522,13.71289348602295,3.300841808319092,1.373504638671875,9.038546562194824,,,,
1e-05,4629,,,,,,,,,,,
,4629,0.07998974621295929,38,,,,,,,,,
1e-05,4639,,,,,,,,,,,
,4639,0.09247050434350967,38,,,,,,,,,
1e-05,4649,,,,,,,,,,,
,4649,0.11207258701324463,38,,,,,,,,,
1e-05,4659,,,,,,,,,,,
,4659,0.11404293030500412,38,,,,,,,,,
1e-05,4669,,,,,,,,,,,
,4669,0.07533977925777435,38,,,,,,,,,
1e-05,4679,,,,,,,,,,,
,4679,0.07872449606657028,38,,,,,,,,,
,4679,,38,0.7823851704597473,13.823659896850586,3.234381914138794,1.4399645328521729,9.149312973022461,,,,
,4679,,38,,,,,,3.0410096645355225,1.4283946752548218,1.0517053604125977,0.5609095692634583
1e-05,4689,,,,,,,,,,,
,4689,0.03970092535018921,39,,,,,,,,,
1e-05,4699,,,,,,,,,,,
,4699,0.06746049970388412,39,,,,,,,,,
1e-05,4709,,,,,,,,,,,
,4709,0.07389529794454575,39,,,,,,,,,
1e-05,4719,,,,,,,,,,,
,4719,0.06391023844480515,39,,,,,,,,,
1e-05,4729,,,,,,,,,,,
,4729,0.11554232984781265,39,,,,,,,,,
1e-05,4739,,,,,,,,,,,
,4739,0.08476075530052185,39,,,,,,,,,
,4739,,39,0.7822293639183044,13.867966651916504,3.256535291671753,1.3956578969955444,9.215773582458496,,,,
1e-05,4749,,,,,,,,,,,
,4749,0.07987435162067413,39,,,,,,,,,
1e-05,4759,,,,,,,,,,,
,4759,0.11653516441583633,39,,,,,,,,,
1e-05,4769,,,,,,,,,,,
,4769,0.05928295850753784,39,,,,,,,,,
1e-05,4779,,,,,,,,,,,
,4779,0.09498119354248047,39,,,,,,,,,
1e-05,4789,,,,,,,,,,,
,4789,0.05692177265882492,39,,,,,,,,,
1e-05,4799,,,,,,,,,,,
,4799,0.048699818551540375,39,,,,,,,,,
,4799,,39,0.7854496240615845,13.867966651916504,3.3894550800323486,1.3513513803482056,9.12716007232666,,,,
,4799,,39,,,,,,2.940082311630249,1.3391565084457397,1.0498325824737549,0.5510932207107544
1e-05,4809,,,,,,,,,,,
,4809,0.08710239827632904,40,,,,,,,,,
1e-05,4819,,,,,,,,,,,
,4819,0.0905734971165657,40,,,,,,,,,
1e-05,4829,,,,,,,,,,,
,4829,0.06498847901821136,40,,,,,,,,,
1e-05,4839,,,,,,,,,,,
,4839,0.13032443821430206,40,,,,,,,,,
1e-05,4849,,,,,,,,,,,
,4849,0.0788826197385788,40,,,,,,,,,
1e-05,4859,,,,,,,,,,,
,4859,0.09333955496549606,40,,,,,,,,,
,4859,,40,0.7834128141403198,13.845812797546387,3.256535291671753,1.3956578969955444,9.193619728088379,,,,
1e-05,4869,,,,,,,,,,,
,4869,0.06465624272823334,40,,,,,,,,,
1e-05,4879,,,,,,,,,,,
,4879,0.09713676571846008,40,,,,,,,,,
1e-05,4889,,,,,,,,,,,
,4889,0.10827650129795074,40,,,,,,,,,
1e-05,4899,,,,,,,,,,,
,4899,0.0957590863108635,40,,,,,,,,,
1e-05,4909,,,,,,,,,,,
,4909,0.07096420973539352,40,,,,,,,,,
1e-05,4919,,,,,,,,,,,
,4919,0.06971040368080139,40,,,,,,,,,
,4919,,40,0.7833821773529053,13.823659896850586,3.278688430786133,1.2848914861679077,9.260079383850098,,,,
,4919,,40,,,,,,3.045552968978882,1.476839542388916,1.014727234840393,0.5539862513542175
1e-05,4929,,,,,,,,,,,
,4929,0.08372251689434052,41,,,,,,,,,
1e-05,4939,,,,,,,,,,,
,4939,0.06762222200632095,41,,,,,,,,,
1e-05,4949,,,,,,,,,,,
,4949,0.07098538428544998,41,,,,,,,,,
1e-05,4959,,,,,,,,,,,
,4959,0.14099924266338348,41,,,,,,,,,
1e-05,4969,,,,,,,,,,,
,4969,0.09133770316839218,41,,,,,,,,,
1e-05,4979,,,,,,,,,,,
,4979,0.11766339838504791,41,,,,,,,,,
,4979,,41,0.7831811904907227,13.890119552612305,3.300841808319092,1.3070447444915771,9.282233238220215,,,,
1e-05,4989,,,,,,,,,,,
,4989,0.10073201358318329,41,,,,,,,,,
1e-05,4999,,,,,,,,,,,
,4999,0.07104318588972092,41,,,,,,,,,
1e-05,5009,,,,,,,,,,,
,5009,0.059612683951854706,41,,,,,,,,,
1e-05,5019,,,,,,,,,,,
,5019,0.11734240502119064,41,,,,,,,,,
1e-05,5029,,,,,,,,,,,
,5029,0.06040533632040024,41,,,,,,,,,
1e-05,5039,,,,,,,,,,,
,5039,0.06975064426660538,41,,,,,,,,,
,5039,,41,0.7855676412582397,13.867966651916504,3.322995185852051,1.4178112745285034,9.12716007232666,,,,
,5039,,41,,,,,,3.0038373470306396,1.4111433029174805,1.0356637239456177,0.5570302605628967
1e-05,5049,,,,,,,,,,,
,5049,0.0732417106628418,42,,,,,,,,,
1e-05,5059,,,,,,,,,,,
,5059,0.06637105345726013,42,,,,,,,,,
1e-05,5069,,,,,,,,,,,
,5069,0.07547185570001602,42,,,,,,,,,
1e-05,5079,,,,,,,,,,,
,5079,0.07306113839149475,42,,,,,,,,,
1e-05,5089,,,,,,,,,,,
,5089,0.07423625886440277,42,,,,,,,,,
1e-05,5099,,,,,,,,,,,
,5099,0.10317476093769073,42,,,,,,,,,
,5099,,42,0.7840436697006226,14.04519271850586,3.3673017024993896,1.4178112745285034,9.260079383850098,,,,
1e-05,5109,,,,,,,,,,,
,5109,0.0953838974237442,42,,,,,,,,,
1e-05,5119,,,,,,,,,,,
,5119,0.0499894917011261,42,,,,,,,,,
1e-05,5129,,,,,,,,,,,
,5129,0.04785281419754028,42,,,,,,,,,
1e-05,5139,,,,,,,,,,,
,5139,0.09369813650846481,42,,,,,,,,,
1e-05,5149,,,,,,,,,,,
,5149,0.06617557257413864,42,,,,,,,,,
1e-05,5159,,,,,,,,,,,
,5159,0.14513474702835083,42,,,,,,,,,
,5159,,42,0.7805875539779663,13.890119552612305,3.190075397491455,1.3291980028152466,9.370845794677734,,,,
,5159,,42,,,,,,2.9265811443328857,1.3993704319000244,0.9787344932556152,0.5484762191772461
1e-05,5169,,,,,,,,,,,
,5169,0.08518437296152115,43,,,,,,,,,
1e-05,5179,,,,,,,,,,,
,5179,0.07969491928815842,43,,,,,,,,,
1e-05,5189,,,,,,,,,,,
,5189,0.10238245129585266,43,,,,,,,,,
1e-05,5199,,,,,,,,,,,
,5199,0.07645408809185028,43,,,,,,,,,
1e-05,5209,,,,,,,,,,,
,5209,0.10310101509094238,43,,,,,,,,,
1e-05,5219,,,,,,,,,,,
,5219,0.05374700203537941,43,,,,,,,,,
,5219,,43,0.7810931205749512,13.912272453308105,3.145768642425537,1.3513513803482056,9.415152549743652,,,,
1e-05,5229,,,,,,,,,,,
,5229,0.05755942314863205,43,,,,,,,,,
1e-05,5239,,,,,,,,,,,
,5239,0.13169021904468536,43,,,,,,,,,
1e-05,5249,,,,,,,,,,,
,5249,0.055781323462724686,43,,,,,,,,,
1e-05,5259,,,,,,,,,,,
,5259,0.11090520024299622,43,,,,,,,,,
1e-05,5269,,,,,,,,,,,
,5269,0.09665963798761368,43,,,,,,,,,
1e-05,5279,,,,,,,,,,,
,5279,0.0718035027384758,43,,,,,,,,,
,5279,,43,0.7834317088127136,13.890119552612305,3.212228536605835,1.3956578969955444,9.282233238220215,,,,
,5279,,43,,,,,,3.017538070678711,1.3986399173736572,1.028330683708191,0.5905674695968628
1.0000000000000002e-06,5289,,,,,,,,,,,
,5289,0.0547558069229126,44,,,,,,,,,
1.0000000000000002e-06,5299,,,,,,,,,,,
,5299,0.07806052267551422,44,,,,,,,,,
1.0000000000000002e-06,5309,,,,,,,,,,,
,5309,0.07265911251306534,44,,,,,,,,,
1.0000000000000002e-06,5319,,,,,,,,,,,
,5319,0.07216612249612808,44,,,,,,,,,
1.0000000000000002e-06,5329,,,,,,,,,,,
,5329,0.11244895309209824,44,,,,,,,,,
1.0000000000000002e-06,5339,,,,,,,,,,,
,5339,0.03548556566238403,44,,,,,,,,,
,5339,,44,0.7828614711761475,13.845812797546387,3.190075397491455,1.3513513803482056,9.304386138916016,,,,
1.0000000000000002e-06,5349,,,,,,,,,,,
,5349,0.07544010877609253,44,,,,,,,,,
1.0000000000000002e-06,5359,,,,,,,,,,,
,5359,0.0607033409178257,44,,,,,,,,,
1.0000000000000002e-06,5369,,,,,,,,,,,
,5369,0.08761394768953323,44,,,,,,,,,
1.0000000000000002e-06,5379,,,,,,,,,,,
,5379,0.09061815589666367,44,,,,,,,,,
1.0000000000000002e-06,5389,,,,,,,,,,,
,5389,0.08522006869316101,44,,,,,,,,,
1.0000000000000002e-06,5399,,,,,,,,,,,
,5399,0.03907777741551399,44,,,,,,,,,
,5399,,44,0.7839072346687317,13.890119552612305,3.212228536605835,1.3291980028152466,9.348692893981934,,,,
,5399,,44,,,,,,3.061561346054077,1.4042471647262573,1.0810364484786987,0.5762777328491211
1.0000000000000002e-06,5409,,,,,,,,,,,
,5409,0.0734233409166336,45,,,,,,,,,
1.0000000000000002e-06,5419,,,,,,,,,,,
,5419,0.0645553320646286,45,,,,,,,,,
1.0000000000000002e-06,5429,,,,,,,,,,,
,5429,0.09310106933116913,45,,,,,,,,,
1.0000000000000002e-06,5439,,,,,,,,,,,
,5439,0.09486176818609238,45,,,,,,,,,
1.0000000000000002e-06,5449,,,,,,,,,,,
,5449,0.05185195431113243,45,,,,,,,,,
1.0000000000000002e-06,5459,,,,,,,,,,,
,5459,0.06399447470903397,45,,,,,,,,,
,5459,,45,0.7829016447067261,13.867966651916504,3.256535291671753,1.3513513803482056,9.260079383850098,,,,
1.0000000000000002e-06,5469,,,,,,,,,,,
,5469,0.10695801675319672,45,,,,,,,,,
1.0000000000000002e-06,5479,,,,,,,,,,,
,5479,0.12555564939975739,45,,,,,,,,,
1.0000000000000002e-06,5489,,,,,,,,,,,
,5489,0.05866772681474686,45,,,,,,,,,
1.0000000000000002e-06,5499,,,,,,,,,,,
,5499,0.05390719696879387,45,,,,,,,,,
1.0000000000000002e-06,5509,,,,,,,,,,,
,5509,0.10059050470590591,45,,,,,,,,,
1.0000000000000002e-06,5519,,,,,,,,,,,
,5519,0.0569649264216423,45,,,,,,,,,
,5519,,45,0.7819578647613525,13.890119552612305,3.1014621257781982,1.373504638671875,9.415152549743652,,,,
,5519,,45,,,,,,2.932647943496704,1.3838690519332886,1.0045762062072754,0.5442027449607849
1.0000000000000002e-06,5529,,,,,,,,,,,
,5529,0.07900895178318024,46,,,,,,,,,
1.0000000000000002e-06,5539,,,,,,,,,,,
,5539,0.09011340886354446,46,,,,,,,,,
1.0000000000000002e-06,5549,,,,,,,,,,,
,5549,0.10237517207860947,46,,,,,,,,,
1.0000000000000002e-06,5559,,,,,,,,,,,
,5559,0.06813060492277145,46,,,,,,,,,
1.0000000000000002e-06,5569,,,,,,,,,,,
,5569,0.09251808375120163,46,,,,,,,,,
1.0000000000000002e-06,5579,,,,,,,,,,,
,5579,0.07264699041843414,46,,,,,,,,,
,5579,,46,0.7823964953422546,13.823659896850586,3.1236155033111572,1.3513513803482056,9.348692893981934,,,,
1.0000000000000002e-06,5589,,,,,,,,,,,
,5589,0.08639705926179886,46,,,,,,,,,
1.0000000000000002e-06,5599,,,,,,,,,,,
,5599,0.08717995882034302,46,,,,,,,,,
1.0000000000000002e-06,5609,,,,,,,,,,,
,5609,0.26813867688179016,46,,,,,,,,,
1.0000000000000002e-06,5619,,,,,,,,,,,
,5619,0.14473466575145721,46,,,,,,,,,
1.0000000000000002e-06,5629,,,,,,,,,,,
,5629,0.08425180613994598,46,,,,,,,,,
1.0000000000000002e-06,5639,,,,,,,,,,,
,5639,0.0791131779551506,46,,,,,,,,,
,5639,,46,0.7826944589614868,13.890119552612305,3.212228536605835,1.3291980028152466,9.348692893981934,,,,
,5639,,46,,,,,,2.9600462913513184,1.3726353645324707,1.0614863634109497,0.5259245038032532
1.0000000000000002e-06,5649,,,,,,,,,,,
,5649,0.10553154349327087,47,,,,,,,,,
1.0000000000000002e-06,5659,,,,,,,,,,,
,5659,0.09915520995855331,47,,,,,,,,,
1.0000000000000002e-06,5669,,,,,,,,,,,
,5669,0.09028182178735733,47,,,,,,,,,
1.0000000000000002e-06,5679,,,,,,,,,,,
,5679,0.07206573337316513,47,,,,,,,,,
1.0000000000000002e-06,5689,,,,,,,,,,,
,5689,0.06450583040714264,47,,,,,,,,,
1.0000000000000002e-06,5699,,,,,,,,,,,
,5699,0.0665932223200798,47,,,,,,,,,
,5699,,47,0.7836073637008667,13.801506042480469,3.145768642425537,1.3513513803482056,9.304386138916016,,,,
1.0000000000000002e-06,5709,,,,,,,,,,,
,5709,0.06444291025400162,47,,,,,,,,,
1.0000000000000002e-06,5719,,,,,,,,,,,
,5719,0.09708919376134872,47,,,,,,,,,
1.0000000000000002e-06,5729,,,,,,,,,,,
,5729,0.07984063029289246,47,,,,,,,,,
1.0000000000000002e-06,5739,,,,,,,,,,,
,5739,0.07220074534416199,47,,,,,,,,,
1.0000000000000002e-06,5749,,,,,,,,,,,
,5749,0.1073925569653511,47,,,,,,,,,
1.0000000000000002e-06,5759,,,,,,,,,,,
,5759,0.09241857379674911,47,,,,,,,,,
,5759,,47,0.7837936878204346,13.801506042480469,3.190075397491455,1.2848914861679077,9.326539993286133,,,,
,5759,,47,,,,,,3.0389742851257324,1.473400354385376,1.0469259023666382,0.5186479091644287
1.0000000000000002e-06,5769,,,,,,,,,,,
,5769,0.05844401568174362,48,,,,,,,,,
1.0000000000000002e-06,5779,,,,,,,,,,,
,5779,0.0892421156167984,48,,,,,,,,,
1.0000000000000002e-06,5789,,,,,,,,,,,
,5789,0.0668901801109314,48,,,,,,,,,
1.0000000000000002e-06,5799,,,,,,,,,,,
,5799,0.08046792447566986,48,,,,,,,,,
1.0000000000000002e-06,5809,,,,,,,,,,,
,5809,0.07709895074367523,48,,,,,,,,,
1.0000000000000002e-06,5819,,,,,,,,,,,
,5819,0.054102085530757904,48,,,,,,,,,
,5819,,48,0.7831516861915588,13.845812797546387,3.212228536605835,1.3956578969955444,9.237926483154297,,,,
1.0000000000000002e-06,5829,,,,,,,,,,,
,5829,0.10119219124317169,48,,,,,,,,,
1.0000000000000002e-06,5839,,,,,,,,,,,
,5839,0.11770598590373993,48,,,,,,,,,
1.0000000000000002e-06,5849,,,,,,,,,,,
,5849,0.11808034777641296,48,,,,,,,,,
1.0000000000000002e-06,5859,,,,,,,,,,,
,5859,0.0905865728855133,48,,,,,,,,,
1.0000000000000002e-06,5869,,,,,,,,,,,
,5869,0.07151246070861816,48,,,,,,,,,
1.0000000000000002e-06,5879,,,,,,,,,,,
,5879,0.05958275496959686,48,,,,,,,,,
,5879,,48,0.78248530626297,13.890119552612305,3.190075397491455,1.373504638671875,9.326539993286133,,,,
,5879,,48,,,,,,2.989863872528076,1.309700846672058,1.1141408681869507,0.5660221576690674
1.0000000000000002e-06,5889,,,,,,,,,,,
,5889,0.07069382816553116,49,,,,,,,,,
1.0000000000000002e-06,5899,,,,,,,,,,,
,5899,0.06089470535516739,49,,,,,,,,,
1.0000000000000002e-06,5909,,,,,,,,,,,
,5909,0.06378965079784393,49,,,,,,,,,
1.0000000000000002e-06,5919,,,,,,,,,,,
,5919,0.05954568460583687,49,,,,,,,,,
1.0000000000000002e-06,5929,,,,,,,,,,,
,5929,0.12062931060791016,49,,,,,,,,,
1.0000000000000002e-06,5939,,,,,,,,,,,
,5939,0.09685623645782471,49,,,,,,,,,
,5939,,49,0.782569944858551,13.867966651916504,3.256535291671753,1.373504638671875,9.237926483154297,,,,
1.0000000000000002e-06,5949,,,,,,,,,,,
,5949,0.09383216500282288,49,,,,,,,,,
1.0000000000000002e-06,5959,,,,,,,,,,,
,5959,0.1176290437579155,49,,,,,,,,,
1.0000000000000002e-06,5969,,,,,,,,,,,
,5969,0.10266434401273727,49,,,,,,,,,
1.0000000000000002e-06,5979,,,,,,,,,,,
,5979,0.07587234675884247,49,,,,,,,,,
1.0000000000000002e-06,5989,,,,,,,,,,,
,5989,0.05617275461554527,49,,,,,,,,,
1.0000000000000002e-06,5999,,,,,,,,,,,
,5999,0.08010965585708618,49,,,,,,,,,
,5999,,49,0.7827332019805908,14.000885963439941,3.256535291671753,1.3956578969955444,9.348692893981934,,,,
,5999,,49,,,,,,2.9769163131713867,1.4151654243469238,1.0110281705856323,0.5507226586341858
1.0000000000000002e-06,6009,,,,,,,,,,,
,6009,0.1597834974527359,50,,,,,,,,,
1.0000000000000002e-06,6019,,,,,,,,,,,
,6019,0.07061693072319031,50,,,,,,,,,
1.0000000000000002e-06,6029,,,,,,,,,,,
,6029,0.11257337778806686,50,,,,,,,,,
1.0000000000000002e-06,6039,,,,,,,,,,,
,6039,0.060718778520822525,50,,,,,,,,,
1.0000000000000002e-06,6049,,,,,,,,,,,
,6049,0.06539938598871231,50,,,,,,,,,
1.0000000000000002e-06,6059,,,,,,,,,,,
,6059,0.08646582067012787,50,,,,,,,,,
,6059,,50,0.7830827832221985,13.867966651916504,3.212228536605835,1.3291980028152466,9.326539993286133,,,,
1.0000000000000002e-06,6069,,,,,,,,,,,
,6069,0.10501597076654434,50,,,,,,,,,
1.0000000000000002e-06,6079,,,,,,,,,,,
,6079,0.06441937386989594,50,,,,,,,,,
1.0000000000000002e-06,6089,,,,,,,,,,,
,6089,0.07421017438173294,50,,,,,,,,,
1.0000000000000002e-06,6099,,,,,,,,,,,
,6099,0.05798044428229332,50,,,,,,,,,
1.0000000000000002e-06,6109,,,,,,,,,,,
,6109,0.08408991992473602,50,,,,,,,,,
1.0000000000000002e-06,6119,,,,,,,,,,,
,6119,0.07284436374902725,50,,,,,,,,,
,6119,,50,0.7821713089942932,13.779353141784668,3.145768642425537,1.3513513803482056,9.282233238220215,,,,
,6119,,50,,,,,,2.8927831649780273,1.376404881477356,1.0113762617111206,0.505001962184906
1.0000000000000002e-06,6129,,,,,,,,,,,
,6129,0.08077946305274963,51,,,,,,,,,
1.0000000000000002e-06,6139,,,,,,,,,,,
,6139,0.08806131780147552,51,,,,,,,,,
1.0000000000000002e-06,6149,,,,,,,,,,,
,6149,0.06354890763759613,51,,,,,,,,,
1.0000000000000002e-06,6159,,,,,,,,,,,
,6159,0.06253188848495483,51,,,,,,,,,
1.0000000000000002e-06,6169,,,,,,,,,,,
,6169,0.08328786492347717,51,,,,,,,,,
1.0000000000000002e-06,6179,,,,,,,,,,,
,6179,0.07893713563680649,51,,,,,,,,,
,6179,,51,0.7816863656044006,13.912272453308105,3.234381914138794,1.373504638671875,9.304386138916016,,,,
1.0000000000000002e-06,6189,,,,,,,,,,,
,6189,0.04638618975877762,51,,,,,,,,,
1.0000000000000002e-06,6199,,,,,,,,,,,
,6199,0.10789895057678223,51,,,,,,,,,
1.0000000000000002e-06,6209,,,,,,,,,,,
,6209,0.08823484927415848,51,,,,,,,,,
1.0000000000000002e-06,6219,,,,,,,,,,,
,6219,0.08090522140264511,51,,,,,,,,,
1.0000000000000002e-06,6229,,,,,,,,,,,
,6229,0.08696959167718887,51,,,,,,,,,
1.0000000000000002e-06,6239,,,,,,,,,,,
,6239,0.10742383450269699,51,,,,,,,,,
,6239,,51,0.7815142273902893,13.912272453308105,3.1014621257781982,1.3291980028152466,9.481613159179688,,,,
,6239,,51,,,,,,3.0377373695373535,1.4320368766784668,1.1053836345672607,0.5003169775009155
1.0000000000000002e-06,6249,,,,,,,,,,,
,6249,0.10286778956651688,52,,,,,,,,,
1.0000000000000002e-06,6259,,,,,,,,,,,
,6259,0.07081319391727448,52,,,,,,,,,
1.0000000000000002e-06,6269,,,,,,,,,,,
,6269,0.0756983831524849,52,,,,,,,,,
1.0000000000000002e-06,6279,,,,,,,,,,,
,6279,0.1375972181558609,52,,,,,,,,,
1.0000000000000002e-06,6289,,,,,,,,,,,
,6289,0.08334312587976456,52,,,,,,,,,
1.0000000000000002e-06,6299,,,,,,,,,,,
,6299,0.07852144539356232,52,,,,,,,,,
,6299,,52,0.7818031907081604,13.779353141784668,3.190075397491455,1.4178112745285034,9.171466827392578,,,,
1.0000000000000002e-06,6309,,,,,,,,,,,
,6309,0.08568566292524338,52,,,,,,,,,
1.0000000000000002e-06,6319,,,,,,,,,,,
,6319,0.081410713493824,52,,,,,,,,,
1.0000000000000002e-06,6329,,,,,,,,,,,
,6329,0.09051800519227982,52,,,,,,,,,
1.0000000000000002e-06,6339,,,,,,,,,,,
,6339,0.07958199828863144,52,,,,,,,,,
1.0000000000000002e-06,6349,,,,,,,,,,,
,6349,0.11330830305814743,52,,,,,,,,,
1.0000000000000002e-06,6359,,,,,,,,,,,
,6359,0.07823585718870163,52,,,,,,,,,
,6359,,52,0.7826554179191589,14.000885963439941,3.256535291671753,1.3956578969955444,9.348692893981934,,,,
,6359,,52,,,,,,2.936760425567627,1.3568053245544434,1.013815999031067,0.5661391019821167
1.0000000000000002e-06,6369,,,,,,,,,,,
,6369,0.0592612661421299,53,,,,,,,,,
1.0000000000000002e-06,6379,,,,,,,,,,,
,6379,0.07740935683250427,53,,,,,,,,,
1.0000000000000002e-06,6389,,,,,,,,,,,
,6389,0.08613782376050949,53,,,,,,,,,
1.0000000000000002e-06,6399,,,,,,,,,,,
,6399,0.05954492837190628,53,,,,,,,,,
1.0000000000000002e-06,6409,,,,,,,,,,,
,6409,0.0822351798415184,53,,,,,,,,,
1.0000000000000002e-06,6419,,,,,,,,,,,
,6419,0.08138007670640945,53,,,,,,,,,
,6419,,53,0.7806230187416077,13.73504638671875,3.167922019958496,1.3513513803482056,9.215773582458496,,,,
1.0000000000000002e-06,6429,,,,,,,,,,,
,6429,0.08158330619335175,53,,,,,,,,,
1.0000000000000002e-06,6439,,,,,,,,,,,
,6439,0.08540387451648712,53,,,,,,,,,
1.0000000000000002e-06,6449,,,,,,,,,,,
,6449,0.06221242994070053,53,,,,,,,,,
1.0000000000000002e-06,6459,,,,,,,,,,,
,6459,0.045433592051267624,53,,,,,,,,,
1.0000000000000002e-06,6469,,,,,,,,,,,
,6469,0.05869867652654648,53,,,,,,,,,
1.0000000000000002e-06,6479,,,,,,,,,,,
,6479,0.07394098490476608,53,,,,,,,,,
,6479,,53,0.7828244566917419,13.97873306274414,3.190075397491455,1.3070447444915771,9.481613159179688,,,,
,6479,,53,,,,,,3.0322678089141846,1.4416377544403076,1.0581207275390625,0.5325092673301697
1.0000000000000002e-06,6489,,,,,,,,,,,
,6489,0.081319160759449,54,,,,,,,,,
1.0000000000000002e-06,6499,,,,,,,,,,,
,6499,0.12300761044025421,54,,,,,,,,,
1.0000000000000002e-06,6509,,,,,,,,,,,
,6509,0.09238644689321518,54,,,,,,,,,
1.0000000000000002e-06,6519,,,,,,,,,,,
,6519,0.1347319632768631,54,,,,,,,,,
1.0000000000000002e-06,6529,,,,,,,,,,,
,6529,0.06474276632070541,54,,,,,,,,,
1.0000000000000002e-06,6539,,,,,,,,,,,
,6539,0.09678187966346741,54,,,,,,,,,
,6539,,54,0.7814435362815857,13.890119552612305,3.1236155033111572,1.3291980028152466,9.43730640411377,,,,
1.0000000000000002e-06,6549,,,,,,,,,,,
,6549,0.08207742869853973,54,,,,,,,,,
1.0000000000000002e-06,6559,,,,,,,,,,,
,6559,0.07203635573387146,54,,,,,,,,,
1.0000000000000002e-06,6569,,,,,,,,,,,
,6569,0.06414974480867386,54,,,,,,,,,
1.0000000000000002e-06,6579,,,,,,,,,,,
,6579,0.08062417805194855,54,,,,,,,,,
1.0000000000000002e-06,6589,,,,,,,,,,,
,6589,0.0669497475028038,54,,,,,,,,,
1.0000000000000002e-06,6599,,,,,,,,,,,
,6599,0.07574594020843506,54,,,,,,,,,
,6599,,54,0.7815102338790894,13.867966651916504,3.167922019958496,1.3956578969955444,9.304386138916016,,,,
,6599,,54,,,,,,2.907289505004883,1.3177320957183838,1.0155506134033203,0.5740068554878235
1.0000000000000002e-06,6609,,,,,,,,,,,
,6609,0.07247278839349747,55,,,,,,,,,
1.0000000000000002e-06,6619,,,,,,,,,,,
,6619,0.08953951299190521,55,,,,,,,,,
1.0000000000000002e-06,6629,,,,,,,,,,,
,6629,0.09031375497579575,55,,,,,,,,,
1.0000000000000002e-06,6639,,,,,,,,,,,
,6639,0.07002632319927216,55,,,,,,,,,
1.0000000000000002e-06,6649,,,,,,,,,,,
,6649,0.07834865152835846,55,,,,,,,,,
1.0000000000000002e-06,6659,,,,,,,,,,,
,6659,0.07134443521499634,55,,,,,,,,,
,6659,,55,0.7800366282463074,13.845812797546387,3.256535291671753,1.4178112745285034,9.171466827392578,,,,
1.0000000000000002e-06,6669,,,,,,,,,,,
,6669,0.09567184746265411,55,,,,,,,,,
1.0000000000000002e-06,6679,,,,,,,,,,,
,6679,0.08704856038093567,55,,,,,,,,,
1.0000000000000002e-06,6689,,,,,,,,,,,
,6689,0.05027041211724281,55,,,,,,,,,
1.0000000000000002e-06,6699,,,,,,,,,,,
,6699,0.1584552824497223,55,,,,,,,,,
1.0000000000000002e-06,6709,,,,,,,,,,,
,6709,0.0949220210313797,55,,,,,,,,,
1.0000000000000002e-06,6719,,,,,,,,,,,
,6719,0.08894138783216476,55,,,,,,,,,
,6719,,55,0.7807358503341675,13.956579208374023,3.278688430786133,1.373504638671875,9.304386138916016,,,,
,6719,,55,,,,,,3.0285935401916504,1.443432331085205,1.0086138248443604,0.5765473246574402
1.0000000000000002e-06,6729,,,,,,,,,,,
,6729,0.07780228555202484,56,,,,,,,,,
1.0000000000000002e-06,6739,,,,,,,,,,,
,6739,0.0737345740199089,56,,,,,,,,,
1.0000000000000002e-06,6749,,,,,,,,,,,
,6749,0.07230573147535324,56,,,,,,,,,
1.0000000000000002e-06,6759,,,,,,,,,,,
,6759,0.2680029273033142,56,,,,,,,,,
1.0000000000000002e-06,6769,,,,,,,,,,,
,6769,0.0921638160943985,56,,,,,,,,,
1.0000000000000002e-06,6779,,,,,,,,,,,
,6779,0.08179781585931778,56,,,,,,,,,
,6779,,56,0.7797686457633972,13.890119552612305,3.145768642425537,1.3513513803482056,9.392999649047852,,,,
1.0000000000000002e-06,6789,,,,,,,,,,,
,6789,0.04721865803003311,56,,,,,,,,,
1.0000000000000002e-06,6799,,,,,,,,,,,
,6799,0.05955418199300766,56,,,,,,,,,
1.0000000000000002e-06,6809,,,,,,,,,,,
,6809,0.06364505738019943,56,,,,,,,,,
1.0000000000000002e-06,6819,,,,,,,,,,,
,6819,0.06467659026384354,56,,,,,,,,,
1.0000000000000002e-06,6829,,,,,,,,,,,
,6829,0.07713665068149567,56,,,,,,,,,
1.0000000000000002e-06,6839,,,,,,,,,,,
,6839,0.08204752951860428,56,,,,,,,,,
,6839,,56,0.7810198068618774,13.97873306274414,3.234381914138794,1.3956578969955444,9.348692893981934,,,,
,6839,,56,,,,,,2.9561264514923096,1.385770320892334,0.9973138570785522,0.5730422139167786
1.0000000000000002e-06,6849,,,,,,,,,,,
,6849,0.07323385775089264,57,,,,,,,,,
1.0000000000000002e-06,6859,,,,,,,,,,,
,6859,0.09822185337543488,57,,,,,,,,,
1.0000000000000002e-06,6869,,,,,,,,,,,
,6869,0.07588005065917969,57,,,,,,,,,
1.0000000000000002e-06,6879,,,,,,,,,,,
,6879,0.05439954623579979,57,,,,,,,,,
1.0000000000000002e-06,6889,,,,,,,,,,,
,6889,0.0679156482219696,57,,,,,,,,,
1.0000000000000002e-06,6899,,,,,,,,,,,
,6899,0.05707845464348793,57,,,,,,,,,
,6899,,57,0.7819653749465942,13.890119552612305,3.212228536605835,1.373504638671875,9.304386138916016,,,,
1.0000000000000002e-06,6909,,,,,,,,,,,
,6909,0.07079799473285675,57,,,,,,,,,
1.0000000000000002e-06,6919,,,,,,,,,,,
,6919,0.12259607762098312,57,,,,,,,,,
1.0000000000000002e-06,6929,,,,,,,,,,,
,6929,0.04953954368829727,57,,,,,,,,,
1.0000000000000002e-06,6939,,,,,,,,,,,
,6939,0.06864950805902481,57,,,,,,,,,
1.0000000000000002e-06,6949,,,,,,,,,,,
,6949,0.16190196573734283,57,,,,,,,,,
1.0000000000000002e-06,6959,,,,,,,,,,,
,6959,0.06655821204185486,57,,,,,,,,,
,6959,,57,0.7806960344314575,13.867966651916504,3.167922019958496,1.3291980028152466,9.370845794677734,,,,
,6959,,57,,,,,,2.880528211593628,1.2861957550048828,1.044088363647461,0.550244152545929
1.0000000000000002e-06,6969,,,,,,,,,,,
,6969,0.11846783012151718,58,,,,,,,,,
1.0000000000000002e-06,6979,,,,,,,,,,,
,6979,0.06834813952445984,58,,,,,,,,,
1.0000000000000002e-06,6989,,,,,,,,,,,
,6989,0.09540719538927078,58,,,,,,,,,
1.0000000000000002e-06,6999,,,,,,,,,,,
,6999,0.07545047253370285,58,,,,,,,,,
1.0000000000000002e-06,7009,,,,,,,,,,,
,7009,0.08013296127319336,58,,,,,,,,,
1.0000000000000002e-06,7019,,,,,,,,,,,
,7019,0.08699765801429749,58,,,,,,,,,
,7019,,58,0.7811182737350464,13.779353141784668,3.167922019958496,1.3513513803482056,9.260079383850098,,,,
1.0000000000000002e-06,7029,,,,,,,,,,,
,7029,0.05762399733066559,58,,,,,,,,,
1.0000000000000002e-06,7039,,,,,,,,,,,
,7039,0.07580006867647171,58,,,,,,,,,
1.0000000000000002e-06,7049,,,,,,,,,,,
,7049,0.08595043420791626,58,,,,,,,,,
1.0000000000000002e-06,7059,,,,,,,,,,,
,7059,0.07632340490818024,58,,,,,,,,,
1.0000000000000002e-06,7069,,,,,,,,,,,
,7069,0.08847302943468094,58,,,,,,,,,
1.0000000000000002e-06,7079,,,,,,,,,,,
,7079,0.07564929872751236,58,,,,,,,,,
,7079,,58,0.7800992131233215,13.823659896850586,3.190075397491455,1.3291980028152466,9.304386138916016,,,,
,7079,,58,,,,,,2.910614252090454,1.397425651550293,1.032220721244812,0.48096799850463867
1.0000000000000002e-06,7089,,,,,,,,,,,
,7089,0.08022893220186234,59,,,,,,,,,
1.0000000000000002e-06,7099,,,,,,,,,,,
,7099,0.11341293156147003,59,,,,,,,,,
1.0000000000000002e-06,7109,,,,,,,,,,,
,7109,0.10045795887708664,59,,,,,,,,,
1.0000000000000002e-06,7119,,,,,,,,,,,
,7119,0.08443398028612137,59,,,,,,,,,
1.0000000000000002e-06,7129,,,,,,,,,,,
,7129,0.113926962018013,59,,,,,,,,,
1.0000000000000002e-06,7139,,,,,,,,,,,
,7139,0.10096470266580582,59,,,,,,,,,
,7139,,59,0.7808552384376526,13.845812797546387,3.234381914138794,1.3513513803482056,9.260079383850098,,,,
1.0000000000000002e-06,7149,,,,,,,,,,,
,7149,0.08160434663295746,59,,,,,,,,,
1.0000000000000002e-06,7159,,,,,,,,,,,
,7159,0.07531893253326416,59,,,,,,,,,
1.0000000000000002e-06,7169,,,,,,,,,,,
,7169,0.048003051429986954,59,,,,,,,,,
1.0000000000000002e-06,7179,,,,,,,,,,,
,7179,0.09696093201637268,59,,,,,,,,,
1.0000000000000002e-06,7189,,,,,,,,,,,
,7189,0.09388267248868942,59,,,,,,,,,
1.0000000000000002e-06,7199,,,,,,,,,,,
,7199,0.09798440337181091,59,,,,,,,,,
,7199,,59,0.7813408374786377,13.956579208374023,3.190075397491455,1.3513513803482056,9.415152549743652,,,,
,7199,,59,,,,,,2.9663639068603516,1.3814623355865479,1.02544367313385,0.5594578385353088
1.0000000000000002e-06,7209,,,,,,,,,,,
,7209,0.07193164527416229,60,,,,,,,,,
1.0000000000000002e-06,7219,,,,,,,,,,,
,7219,0.09404255449771881,60,,,,,,,,,
1.0000000000000002e-06,7229,,,,,,,,,,,
,7229,0.10855718702077866,60,,,,,,,,,
1.0000000000000002e-06,7239,,,,,,,,,,,
,7239,0.09368277341127396,60,,,,,,,,,
1.0000000000000002e-06,7249,,,,,,,,,,,
,7249,0.06746065616607666,60,,,,,,,,,
1.0000000000000002e-06,7259,,,,,,,,,,,
,7259,0.09772005677223206,60,,,,,,,,,
,7259,,60,0.7811203598976135,13.690739631652832,3.190075397491455,1.3513513803482056,9.149312973022461,,,,
1.0000000000000002e-06,7269,,,,,,,,,,,
,7269,0.03891453891992569,60,,,,,,,,,
1.0000000000000002e-06,7279,,,,,,,,,,,
,7279,0.08293226361274719,60,,,,,,,,,
1.0000000000000002e-06,7289,,,,,,,,,,,
,7289,0.08728164434432983,60,,,,,,,,,
1.0000000000000002e-06,7299,,,,,,,,,,,
,7299,0.0679037794470787,60,,,,,,,,,
1.0000000000000002e-06,7309,,,,,,,,,,,
,7309,0.11160153895616531,60,,,,,,,,,
1.0000000000000002e-06,7319,,,,,,,,,,,
,7319,0.0593804270029068,60,,,,,,,,,
,7319,,60,0.7833594679832458,13.912272453308105,3.300841808319092,1.3291980028152466,9.282233238220215,,,,
,7319,,60,,,,,,2.84627628326416,1.30437171459198,1.03937828540802,0.5025263428688049
1.0000000000000002e-06,7329,,,,,,,,,,,
,7329,0.07430042326450348,61,,,,,,,,,
1.0000000000000002e-06,7339,,,,,,,,,,,
,7339,0.11061450093984604,61,,,,,,,,,
1.0000000000000002e-06,7349,,,,,,,,,,,
,7349,0.10230672359466553,61,,,,,,,,,
1.0000000000000002e-06,7359,,,,,,,,,,,
,7359,0.06488088518381119,61,,,,,,,,,
1.0000000000000002e-06,7369,,,,,,,,,,,
,7369,0.05711408704519272,61,,,,,,,,,
1.0000000000000002e-06,7379,,,,,,,,,,,
,7379,0.09221304208040237,61,,,,,,,,,
,7379,,61,0.781162679195404,13.934426307678223,3.145768642425537,1.3291980028152466,9.45945930480957,,,,
1.0000000000000002e-06,7389,,,,,,,,,,,
,7389,0.06363411247730255,61,,,,,,,,,
1.0000000000000002e-06,7399,,,,,,,,,,,
,7399,0.0769585445523262,61,,,,,,,,,
1.0000000000000002e-06,7409,,,,,,,,,,,
,7409,0.07486553490161896,61,,,,,,,,,
1.0000000000000002e-06,7419,,,,,,,,,,,
,7419,0.08350931853055954,61,,,,,,,,,
1.0000000000000002e-06,7429,,,,,,,,,,,
,7429,0.11929436028003693,61,,,,,,,,,
1.0000000000000002e-06,7439,,,,,,,,,,,
,7439,0.05277667194604874,61,,,,,,,,,
,7439,,61,0.781532347202301,13.801506042480469,3.256535291671753,1.373504638671875,9.171466827392578,,,,
,7439,,61,,,,,,2.943679094314575,1.3723444938659668,1.0155349969863892,0.5557995438575745
1.0000000000000002e-06,7449,,,,,,,,,,,
,7449,0.06918399035930634,62,,,,,,,,,
1.0000000000000002e-06,7459,,,,,,,,,,,
,7459,0.04557158797979355,62,,,,,,,,,
1.0000000000000002e-06,7469,,,,,,,,,,,
,7469,0.08736354112625122,62,,,,,,,,,
1.0000000000000002e-06,7479,,,,,,,,,,,
,7479,0.06953080743551254,62,,,,,,,,,
1.0000000000000002e-06,7489,,,,,,,,,,,
,7489,0.05669694393873215,62,,,,,,,,,
1.0000000000000002e-06,7499,,,,,,,,,,,
,7499,0.10074727237224579,62,,,,,,,,,
,7499,,62,0.7803313732147217,13.956579208374023,3.190075397491455,1.373504638671875,9.392999649047852,,,,
1.0000000000000002e-06,7509,,,,,,,,,,,
,7509,0.06272915750741959,62,,,,,,,,,
1.0000000000000002e-06,7519,,,,,,,,,,,
,7519,0.07689950615167618,62,,,,,,,,,
1.0000000000000002e-06,7529,,,,,,,,,,,
,7529,0.10876345634460449,62,,,,,,,,,
1.0000000000000002e-06,7539,,,,,,,,,,,
,7539,0.06283076107501984,62,,,,,,,,,
1.0000000000000002e-06,7549,,,,,,,,,,,
,7549,0.0882793739438057,62,,,,,,,,,
1.0000000000000002e-06,7559,,,,,,,,,,,
,7559,0.08866214007139206,62,,,,,,,,,
,7559,,62,0.7803062796592712,13.867966651916504,3.190075397491455,1.3513513803482056,9.326539993286133,,,,
,7559,,62,,,,,,2.919848680496216,1.3498451709747314,1.0306158065795898,0.5393877029418945
1.0000000000000002e-06,7569,,,,,,,,,,,
,7569,0.08323893696069717,63,,,,,,,,,
1.0000000000000002e-06,7579,,,,,,,,,,,
,7579,0.09054753929376602,63,,,,,,,,,
1.0000000000000002e-06,7589,,,,,,,,,,,
,7589,0.11662835627794266,63,,,,,,,,,
1.0000000000000002e-06,7599,,,,,,,,,,,
,7599,0.07616753876209259,63,,,,,,,,,
1.0000000000000002e-06,7609,,,,,,,,,,,
,7609,0.10947811603546143,63,,,,,,,,,
1.0000000000000002e-06,7619,,,,,,,,,,,
,7619,0.04596473649144173,63,,,,,,,,,
,7619,,63,0.7818759083747864,13.73504638671875,3.234381914138794,1.3291980028152466,9.171466827392578,,,,
1.0000000000000002e-06,7629,,,,,,,,,,,
,7629,0.05885149538516998,63,,,,,,,,,
1.0000000000000002e-06,7639,,,,,,,,,,,
,7639,0.06954807788133621,63,,,,,,,,,
1.0000000000000002e-06,7649,,,,,,,,,,,
,7649,0.10155055671930313,63,,,,,,,,,
1.0000000000000002e-06,7659,,,,,,,,,,,
,7659,0.0820419192314148,63,,,,,,,,,
1.0000000000000002e-06,7669,,,,,,,,,,,
,7669,0.1067909300327301,63,,,,,,,,,
1.0000000000000002e-06,7679,,,,,,,,,,,
,7679,0.11640340089797974,63,,,,,,,,,
,7679,,63,0.7799288034439087,13.867966651916504,3.145768642425537,1.3513513803482056,9.370845794677734,,,,
,7679,,63,,,,,,2.9555296897888184,1.3842875957489014,1.063990592956543,0.5072513818740845
1.0000000000000002e-06,7689,,,,,,,,,,,
,7689,0.07564596831798553,64,,,,,,,,,
1.0000000000000002e-06,7699,,,,,,,,,,,
,7699,0.08305373042821884,64,,,,,,,,,
1.0000000000000002e-06,7709,,,,,,,,,,,
,7709,0.09299286454916,64,,,,,,,,,
